block_id,start_time,end_time,start_sec,end_sec,duration_min,ocr_theme,speech_theme,final_theme,agreement,needs_review,review_reason,speech_coverage_ratio,speech_theme_support_ratio,n_speech_windows,anchor_candidate_status,anchor_confidence,anchor_pivot_to_piece_time,anchor_candidate_offset_sec,anchor_score,anchor_evidence,speech_transition_near_boundary,nearest_speech_transition_time,nearest_speech_transition_distance_sec,nearest_speech_transition_reason,ocr_themes_present,speech_themes_present,ocr_candidates_present,speech_candidates_present,ocr_text,speech_excerpt,micro_blocks
1,00:00,00:30,0.0,30.0,0.5,Greves/Trabalho,No speech,Greves/Trabalho,no_speech,True,No speech window overlaps this OCR block.; Low speech coverage inside OCR block.,0.0,0.0,0,candidate_detected,high,00:24,24.0,5,"body_ocr_appeared_after_empty_baseline, body_ocr_volume_jump, new_body_terms, lexical_shift_from_baseline",False,,,,"Educação, Greves/Trabalho",,,,universidade | presidente operado | ciacil | losp | greve geral | rvices | group services | olkswagen,,1
2,00:30,01:00,30.0,60.0,0.5,Internacional,No speech,Internacional,no_speech,True,No speech window overlaps this OCR block.; Low speech coverage inside OCR block.,0.0,0.0,0,not_detected_by_ocr,none,,,0,no_relevant_body_ocr_change,False,,,,"Greves/Trabalho, Internacional",,,,greve geral | pronto para a guerra | vladimir putin | vladimir putin pronto para a guerra | peste suína espanha em alerta | lomos | campius,,2
3,01:00,01:06,60.0,66.0,0.1,Other/Unknown,No speech,Other/Unknown,no_speech,True,No speech window overlaps this OCR block.; Low speech coverage inside OCR block.,0.0,0.0,0,not_detected_by_ocr,none,,,0,no_relevant_body_ocr_change,False,,,,,,,,44 34 60 n | 1 63 | 277 | 3 90 | 8 15 | 3 28 4 05 0 37 | 75 6 | 1 48,,3
4,01:06,01:18,66.0,78.0,0.2,Other/Unknown,No speech,Other/Unknown,no_speech,True,No speech window overlaps this OCR block.; Low speech coverage inside OCR block.,0.0,0.0,0,not_detected_by_ocr,none,,,0,no_relevant_body_ocr_change,False,,,,,,,,210 | 411331 21w | 44 34 60 n | 54 20 80 n | telejornal | ter 02 19 59,,4
5,01:18,01:24,78.0,84.0,0.1,Other/Unknown,No speech,Other/Unknown,no_speech,True,No speech window overlaps this OCR block.; Low speech coverage inside OCR block.,0.0,0.0,0,not_detected_by_ocr,none,,,0,no_relevant_body_ocr_change,False,,,,,,,,tele jornal | ter 02 19 59 | joão adelino faria,,5
6,01:24,03:36,84.0,216.0,2.2,Saúde,Saúde,Saúde,high,False,,0.455,0.5,2,weak_candidate_no_persistence,low,01:54,30.0,2,"body_ocr_appeared_after_empty_baseline, body_ocr_volume_jump",False,,,,Saúde,Saúde,,,tele jornal | ter 02 19 59 | marcelo no hospital | telejornal | madoel o no licedital | presidente deverá ter alta ama | presidente deverá ter alta amanhã | now,"Esta cirurgia foi feita de uma forma muito atempada ou sem satias de vir, procurar a cuidar de saúde de uma forma muito oportuna e, portanto, corra bem. Estamos a plaza um quadra agudo, bem que se encontrava um forte. Sim, mas que se tivesse corrigado mais horas, podiam ser assim. Nós temos, de qualquer das formas, que ter o cuidado de perceber que está efetivamente tudo bem.","6, 7, 8, 9"
7,03:36,03:42,216.0,222.0,0.1,Other/Unknown,No speech,Other/Unknown,no_speech,True,No speech window overlaps this OCR block.; Low speech coverage inside OCR block.,0.0,0.0,0,not_detected_by_ocr,none,,,0,no_relevant_body_ocr_change,True,04:00,24.0,"lexical_change_high, semantic_change_high",,,,,chare da casa civil | fernando frutuoso de melo | tele jornal | ter 02 20 01 | editora de ima | paula meir | repórteres de imag | soraia maia andré mateus pi,,10
8,03:42,03:48,222.0,228.0,0.1,Other/Unknown,No speech,Other/Unknown,no_speech,True,No speech window overlaps this OCR block.; Low speech coverage inside OCR block.,0.0,0.0,0,not_detected_by_ocr,none,,,0,no_relevant_body_ocr_change,True,04:00,18.0,"lexical_change_high, semantic_change_high",,,,,tele jornal | ter 02 20 01,,11
9,03:48,04:24,228.0,264.0,0.6,Other/Unknown,Other/Unknown,Other/Unknown,unknown_both,True,Both modalities are unknown.,0.667,1.0,1,not_detected_by_ocr,none,,,0,no_relevant_body_ocr_change,True,04:00,12.0,"lexical_change_high, semantic_change_high",Governo/Partidos,,,,tele jornal | ter 02 20 01 | per printiw | presidente internado | telejornal | montenegro leva um abraço do povo português | marcelo rebelo de sousa está muito bem disposto | ter 02 20 02,"Eu acredito que não será a vazive da minha parte de dizer que leva um abraço do povo portuguesa e, portanto, está sorridente passará uma dessa boa disposição também. Uma oportunidade de poder transmitir-lhe que o país está naturalmente com ele e deseja um rápido restabilcimento e recuperação.",12
10,04:24,06:00,264.0,360.0,1.6,Governo/Partidos,Governo/Partidos,Governo/Partidos,high,False,,1.0,0.625,4,not_detected_by_ocr,none,,,0,no_relevant_body_ocr_change,True,04:30,6.0,"new_theme_after_unknown, lexical_change_high",Governo/Partidos,"Eleições/Campanha, Governo/Partidos, Saúde",,,montenegro leva um abraço do pov | presidente internado | telejornal | ter 02 20 02 | montenegro leva um abraço do povo português | 9 1 | direto | presidente da assembl,"Eu acredito que não será a vazive da minha parte de dizer que leva um abraço do povo portuguesa e, portanto, está sorridente passará uma dessa boa disposição também. Uma oportunidade de poder transmitir-lhe que o país está naturalmente com ele e deseja um rápido restabilcimento e recuperação. O primeiro ministro e o presidente da Assembleia da República encontraram-se à porta do hospital e seguiram juntos pro quarto onde estava o presidente. A visita durou pouco mais de 20 minutos, mas foi o suficiente para aguar branca a segurar que não será necessário substituir Marcelo Rebel de Souza nas funções presidenciais. Estava muito bem disposto, a otimista, queria que o presidente que todos conhec...",13
11,06:00,06:03,360.0,363.0,0.05,Other/Unknown,Abertura/Manchetes,Abertura/Manchetes,speech_only,True,OCR theme is unknown; final theme relies on speech.,1.0,1.0,1,not_detected_by_ocr,none,,,0,no_relevant_body_ocr_change,True,06:00,0.0,"new_theme_after_unknown, semantic_change_high, entities_changed, volume_change_high",,Abertura/Manchetes,,,andré mateus pinto | carlos valente | editor de imagem | pedro amanajás soraia maia | repórteres de imagem | cristiano costa cláudia viana | jornalistas | raquel amado rita macedo,"Boa noite, sim, precisamente vai ser assim até amanheia, a expectável que Marcelo",14
12,06:03,06:06,363.0,366.0,0.05,Other/Unknown,Abertura/Manchetes,Abertura/Manchetes,speech_only,True,OCR theme is unknown; final theme relies on speech.,1.0,1.0,1,not_detected_by_ocr,none,,,0,no_relevant_body_ocr_change,True,06:00,3.0,"new_theme_after_unknown, semantic_change_high, entities_changed, volume_change_high",Internacional,Abertura/Manchetes,,,telejornal | ter 02 20 03 | receção em honra dos reis de espanha | tele jornal | ter 02 20 04,"Boa noite, sim, precisamente vai ser assim até amanheia, a expectável que Marcelo",15
13,06:06,06:09,366.0,369.0,0.05,Other/Unknown,Abertura/Manchetes,Abertura/Manchetes,speech_only,True,OCR theme is unknown; final theme relies on speech.,1.0,1.0,1,not_detected_by_ocr,none,,,0,no_relevant_body_ocr_change,True,06:00,6.0,"new_theme_after_unknown, semantic_change_high, entities_changed, volume_change_high",,Abertura/Manchetes,,,the person named in | telejornal | ter 02 20 04,"Boa noite, sim, precisamente vai ser assim até amanheia, a expectável que Marcelo",16
14,06:09,06:15,369.0,375.0,0.1,Other/Unknown,Abertura/Manchetes,Abertura/Manchetes,speech_only,True,OCR theme is unknown; final theme relies on speech.,1.0,1.0,1,not_detected_by_ocr,none,,,0,no_relevant_body_ocr_change,True,06:00,9.0,"new_theme_after_unknown, semantic_change_high, entities_changed, volume_change_high",,Abertura/Manchetes,,,and the property of the party of the party of the party of the party of the party of the party of the party of the party of the party of the party of the party of the party of the party of the party of the party of the par | tele jornal | ter 02 20 04 | telejornal | rtp pt | presidente operado,"Boa noite, sim, precisamente vai ser assim até amanheia, a expectável que Marcelo",17
15,06:15,09:39,375.0,579.0,3.4,Internacional,Saúde,Internacional,low_conflict,True,OCR and speech themes conflict.,0.956,0.462,7,late_body_ocr_change,low,,60.0,4,"new_body_terms, lexical_shift_from_baseline, body_zone_changed",True,06:00,15.0,"new_theme_after_unknown, semantic_change_high, entities_changed, volume_change_high","Internacional, Saúde","Abertura/Manchetes, Saúde, Governo/Partidos, Transportes/Mobilidade, Internacional, Ambiente/Meteorologia/Proteção Civil",,,presidente operado | rtp pt | tele jornal | ter 02 20 04 | adiadas visitas oficiais a espanha e a | ddecidente adedada | telejornal | adiadas visitas oficiais a espanha e ao vaticano,"Boa noite, sim, precisamente vai ser assim até amanheia, a expectável que Marcelo Rebaldissosa, o presidente da República tenha alta, amanheia deverá acontecer ainda da parte da manhã, mas tudo irá depender da situação clínica do presidente da República. O último bolenso foi feito às 15 horas pela Presidente de Consolhe de Administração deste hospital, o hospital de San João, que nos dava nota precisamente disso desta situação clínica de Marcelo Rebaldissosa a evoluir favoravilmente, e visita também, que o presidente estava bem tranquilo, tinha passado bem anotos, já se tinha alimentado e também, já tinha feito o levanto, que é o que tem de fazer neste tipo de situações, Marcelo Rebaldissosa...",18
16,09:39,09:51,579.0,591.0,0.2,Other/Unknown,No speech,Other/Unknown,no_speech,True,No speech window overlaps this OCR block.; Low speech coverage inside OCR block.,0.0,0.0,0,not_detected_by_ocr,none,,,0,no_relevant_body_ocr_change,False,,,,,,,,tele jornal | ter 02 20 07,,19
17,09:51,10:09,591.0,609.0,0.3,Other/Unknown,Saúde,Saúde,speech_only,True,OCR theme is unknown; final theme relies on speech.,0.5,1.0,1,not_detected_by_ocr,none,,,0,no_relevant_body_ocr_change,False,,,,,Saúde,,,tele jornal | ter 02 20 07 | o gilbert | hugo gilberto rtp | telejornal | ter 02 20 08,"Sim, aparentemente os sintomas iniciais aqui, o que o seu presidente de referiu logo de início, aparentemente mostrava que havia ali um sofrimento já de uma estrutura abdominal, razão placoal, ela achou que aquilo não era o habitual e a equipe médica que eu estava acompanhando à altura, também achou mais de progente não fazer a viagem para Lisboa e recorrer-me de atamento ao hospital. Foi o que fez e vem, e depois houve a decisão",20
18,10:09,10:12,609.0,612.0,0.05,Other/Unknown,Saúde,Saúde,speech_only,True,OCR theme is unknown; final theme relies on speech.,1.0,1.0,1,not_detected_by_ocr,none,,,0,no_relevant_body_ocr_change,False,,,,Saúde,Saúde,,,dir gastroentero | guilherm | tele jornal | ter 02 20 08 | dir gastroenterologia hospital são joão | guilherme macedo,"Sim, aparentemente os sintomas iniciais aqui, o que o seu presidente de referiu logo de início, aparentemente mostrava que havia ali um sofrimento já de uma estrutura abdominal, razão placoal, ela achou que aquilo não era o habitual e a equipe médica que eu estava acompanhando à altura, também achou mais de progente não fazer a viagem para Lisboa e recorrer-me de atamento ao hospital. Foi o que fez e vem, e depois houve a decisão",21
19,10:12,10:15,612.0,615.0,0.05,Other/Unknown,Saúde,Saúde,speech_only,True,OCR theme is unknown; final theme relies on speech.,1.0,1.0,1,not_detected_by_ocr,none,,,0,no_relevant_body_ocr_change,False,,,,,Saúde,,,tele jornal | ter 02 20 08,"Sim, aparentemente os sintomas iniciais aqui, o que o seu presidente de referiu logo de início, aparentemente mostrava que havia ali um sofrimento já de uma estrutura abdominal, razão placoal, ela achou que aquilo não era o habitual e a equipe médica que eu estava acompanhando à altura, também achou mais de progente não fazer a viagem para Lisboa e recorrer-me de atamento ao hospital. Foi o que fez e vem, e depois houve a decisão",22
20,10:15,10:21,615.0,621.0,0.1,Other/Unknown,Saúde,Saúde,speech_only,True,OCR theme is unknown; final theme relies on speech.,1.0,1.0,1,not_detected_by_ocr,none,,,0,no_relevant_body_ocr_change,False,,,,Saúde,Saúde,,,tele jornal | ter 02 20 08 | dir gastroenterologia hospital são joão | guilherme macedo,"Sim, aparentemente os sintomas iniciais aqui, o que o seu presidente de referiu logo de início, aparentemente mostrava que havia ali um sofrimento já de uma estrutura abdominal, razão placoal, ela achou que aquilo não era o habitual e a equipe médica que eu estava acompanhando à altura, também achou mais de progente não fazer a viagem para Lisboa e recorrer-me de atamento ao hospital. Foi o que fez e vem, e depois houve a decisão",23
21,10:21,10:24,621.0,624.0,0.05,Other/Unknown,Saúde,Saúde,speech_only,True,OCR theme is unknown; final theme relies on speech.,1.0,1.0,1,not_detected_by_ocr,none,,,0,no_relevant_body_ocr_change,False,,,,,Saúde,,,tele jornal | ter 02 20 08,"Sim, aparentemente os sintomas iniciais aqui, o que o seu presidente de referiu logo de início, aparentemente mostrava que havia ali um sofrimento já de uma estrutura abdominal, razão placoal, ela achou que aquilo não era o habitual e a equipe médica que eu estava acompanhando à altura, também achou mais de progente não fazer a viagem para Lisboa e recorrer-me de atamento ao hospital. Foi o que fez e vem, e depois houve a decisão",24
22,10:24,14:12,624.0,852.0,3.8,Saúde,Saúde,Saúde,high,False,,1.0,0.211,9,not_detected_by_ocr,none,,,0,no_relevant_body_ocr_change,False,,,,Saúde,"Saúde, Educação",,,tele jornal | ter 02 20 08 | estado clínico do presidente | telejornal | risco de infeção é baixo | risco de infeção é baixo mas está sob vigilância | guilherme macedo | guilherme macedo dir gastroenterologia hospital são joão,"Sim, aparentemente os sintomas iniciais aqui, o que o seu presidente de referiu logo de início, aparentemente mostrava que havia ali um sofrimento já de uma estrutura abdominal, razão placoal, ela achou que aquilo não era o habitual e a equipe médica que eu estava acompanhando à altura, também achou mais de progente não fazer a viagem para Lisboa e recorrer-me de atamento ao hospital. Foi o que fez e vem, e depois houve a decisão clínica de se compreender que, de facto, se estava a ver ali um problema que tinha a ver com um encarceramento da Hérnia, e que isso poderia, obviamente, levar a uma complicação posterior mais grave. Hérnia chegou a estar encarcerada, não chegou a estar estrangulada...","25, 26, 27"
23,14:12,14:18,852.0,858.0,0.1,Other/Unknown,Saúde,Saúde,speech_only,True,OCR theme is unknown; final theme relies on speech.,1.0,1.0,1,not_detected_by_ocr,none,,,0,no_relevant_body_ocr_change,True,14:30,18.0,"theme_changed, lexical_change_high, volume_change_high",,"Saúde, Educação",,,tele jornal | ter 02 20 12,"explicações com o Guilherme Macede, o professor, director do serviço de gastroenterologia do hospital de São João, onde continuo internado o presidente da Reba. Hoje o Lberta, então, com a explicação sobre aquilo que, de facto, aconteceu em termos de saludo com Marcelo Rebelliçóz. E durante os dois mandatos, a saludo do presidente da República, foi notícia aqui, por diversas vezes, foi operada quatro erdias e isso mantidou um catatriz me cardíaco em 2018, preocupos portugueses,",28
24,14:18,14:21,858.0,861.0,0.05,Other/Unknown,Saúde,Saúde,speech_only,True,OCR theme is unknown; final theme relies on speech.,1.0,1.0,1,not_detected_by_ocr,none,,,0,no_relevant_body_ocr_change,True,14:30,12.0,"theme_changed, lexical_change_high, volume_change_high",,"Saúde, Educação",,,tele jornal | ter 02 20 12 | paravision | griggrigiw,"explicações com o Guilherme Macede, o professor, director do serviço de gastroenterologia do hospital de São João, onde continuo internado o presidente da Reba. Hoje o Lberta, então, com a explicação sobre aquilo que, de facto, aconteceu em termos de saludo com Marcelo Rebelliçóz. E durante os dois mandatos, a saludo do presidente da República, foi notícia aqui, por diversas vezes, foi operada quatro erdias e isso mantidou um catatriz me cardíaco em 2018, preocupos portugueses,",29
25,14:21,17:21,861.0,1041.0,3.0,Saúde,Ambiente/Meteorologia/Proteção Civil,Saúde,low_conflict,True,OCR and speech themes conflict.,0.217,0.769,2,weak_candidate_no_persistence,low,14:51,30.0,2,"body_ocr_appeared_after_empty_baseline, body_ocr_volume_jump",True,14:30,9.0,"theme_changed, lexical_change_high, volume_change_high","Saúde, Governo/Partidos","Saúde, Educação, Ambiente/Meteorologia/Proteção Civil",,,saúde do presidente | tele jornal | ter 02 20 12 | marcelo já foi operad | telejornal | marcelo já foi operado a três hérnias | em 2017 foi operado a uma hérnia umbilidal | em 2017 foi operado a uma hérnia umbilical,"explicações com o Guilherme Macede, o professor, director do serviço de gastroenterologia do hospital de São João, onde continuo internado o presidente da Reba. Hoje o Lberta, então, com a explicação sobre aquilo que, de facto, aconteceu em termos de saludo com Marcelo Rebelliçóz. E durante os dois mandatos, a saludo do presidente da República, foi notícia aqui, por diversas vezes, foi operada quatro erdias e isso mantidou um catatriz me cardíaco em 2018, preocupos portugueses, quando desmayou em público num dia de calor, em bom.","30, 31, 32, 33, 34"
26,17:21,17:24,1041.0,1044.0,0.05,Other/Unknown,No speech,Other/Unknown,no_speech,True,No speech window overlaps this OCR block.; Low speech coverage inside OCR block.,0.0,0.0,0,not_detected_by_ocr,none,,,0,no_relevant_body_ocr_change,True,18:00,39.0,"theme_changed, lexical_change_high, semantic_change_high, volume_change_high, gap_high",,,,,arquivo rtp | editor de imagem | imagem | luís vilar | filipa dias mendes | jornalista | tele jornal | ter 02 20 15,,35
27,17:24,17:48,1044.0,1068.0,0.4,Other/Unknown,No speech,Other/Unknown,no_speech,True,No speech window overlaps this OCR block.; Low speech coverage inside OCR block.,0.0,0.0,0,not_detected_by_ocr,none,,,0,no_relevant_body_ocr_change,True,18:00,36.0,"theme_changed, lexical_change_high, semantic_change_high, volume_change_high, gap_high",,,,,tele jornal | ter 02 20 15 | télejornal | telejornal | mp receia fuga de sócrates,,36
28,17:48,18:36,1068.0,1116.0,0.8,Internacional,Internacional,Internacional,high,False,,0.625,1.0,1,not_detected_by_ocr,none,,,0,no_relevant_body_ocr_change,True,18:00,12.0,"theme_changed, lexical_change_high, semantic_change_high, volume_change_high, gap_high",Internacional,Internacional,,,tele jornal | ter 02 20 15 | encontro rússia eua | witkoff reunido com vladimi | telejornal | witkoff reunido com vladimir putin | ter 02 20 16 | putin diz que a rússia está pronta para lutar,"A presidência russa divulgou imagens em que Vladimir Putin dá boas vindas ao enviado especial do presidente Trump, Steve Whitkoff, e ao gênero do líder norte-americano Jared Kushner. Os dois homens de confiança de Donald Trump chegaram a um escuvo para discutir detalhes de plano de paz para o crânia que já foi analisado com Kiev.",37
29,18:36,18:42,1116.0,1122.0,0.1,Other/Unknown,No speech,Other/Unknown,no_speech,True,No speech window overlaps this OCR block.; Low speech coverage inside OCR block.,0.0,0.0,0,not_detected_by_ocr,none,,,0,no_relevant_body_ocr_change,True,18:00,36.0,"theme_changed, lexical_change_high, semantic_change_high, volume_change_high, gap_high",,,,,já o disse centenas de vezes | telejornal | ter 02 20 16 | declarar nos guerra e iniciar o conflito | mas se a europa decidir subitamente | tele jornal | estamos prontos neste momento,,38
30,18:42,18:51,1122.0,1131.0,0.15,Other/Unknown,No speech,Other/Unknown,no_speech,True,No speech window overlaps this OCR block.; Low speech coverage inside OCR block.,0.0,0.0,0,not_detected_by_ocr,none,,,0,no_relevant_body_ocr_change,True,18:00,42.0,"theme_changed, lexical_change_high, semantic_change_high, volume_change_high, gap_high",,,,,tele jornal | ter 02 20 16 | telejornal,,39
31,18:51,19:12,1131.0,1152.0,0.35,Other/Unknown,No speech,Other/Unknown,no_speech,True,No speech window overlaps this OCR block.; Low speech coverage inside OCR block.,0.0,0.0,0,not_detected_by_ocr,none,,,0,no_relevant_body_ocr_change,False,,,,Internacional,,,,e estão a impedir o presidente trump | eles próprios se recusaram a negociar | tele jornal | ter 02 20 16 | telejornal | se quiserem voltar à realidade | com base na situação | que se está a desenrolar no terreno,,40
32,19:12,19:18,1152.0,1158.0,0.1,Other/Unknown,No speech,Other/Unknown,no_speech,True,No speech window overlaps this OCR block.; Low speech coverage inside OCR block.,0.0,0.0,0,not_detected_by_ocr,none,,,0,no_relevant_body_ocr_change,False,,,,,,,,telejornal | ter 02 20 17,,41
33,19:18,19:30,1158.0,1170.0,0.2,Other/Unknown,No speech,Other/Unknown,no_speech,True,No speech window overlaps this OCR block.; Low speech coverage inside OCR block.,0.0,0.0,0,not_detected_by_ocr,none,,,0,no_relevant_body_ocr_change,True,20:00,42.0,"lexical_change_high, semantic_change_high, gap_high",,,,,telejornal | ter 02 20 17 | elejornal | estamos a tentar resolver isso,,42
34,19:30,19:39,1170.0,1179.0,0.15,Other/Unknown,No speech,Other/Unknown,no_speech,True,No speech window overlaps this OCR block.; Low speech coverage inside OCR block.,0.0,0.0,0,not_detected_by_ocr,none,,,0,no_relevant_body_ocr_change,True,20:00,30.0,"lexical_change_high, semantic_change_high, gap_high",Internacional,,,,esta seria a nona | já resolv i oito guerras | telejornal | ter 02 20 17 | já resolvi oito guerras | há pessoas na rússia agora a ver | se conseguimos acertar agulhas | digo vos que não é,,43
35,19:39,19:45,1179.0,1185.0,0.1,Other/Unknown,No speech,Other/Unknown,no_speech,True,No speech window overlaps this OCR block.; Low speech coverage inside OCR block.,0.0,0.0,0,not_detected_by_ocr,none,,,0,no_relevant_body_ocr_change,True,20:00,21.0,"lexical_change_high, semantic_change_high, gap_high",,,,,telejornal | ter 02 20 17 | que caos | tele jornal,,44
36,19:45,20:00,1185.0,1200.0,0.25,Other/Unknown,No speech,Other/Unknown,no_speech,True,No speech window overlaps this OCR block.; Low speech coverage inside OCR block.,0.0,0.0,0,not_detected_by_ocr,none,,,0,no_relevant_body_ocr_change,True,20:00,15.0,"lexical_change_high, semantic_change_high, gap_high",,,,,tele jornal | ter 02 20 17 | ci i i | government | na héireann | rialtas | as questões mais delicadas | as mais difíceis,,45
37,20:00,20:03,1200.0,1203.0,0.05,Other/Unknown,Internacional,Internacional,speech_only,True,OCR theme is unknown; final theme relies on speech.,1.0,1.0,1,not_detected_by_ocr,none,,,0,no_relevant_body_ocr_change,True,20:00,0.0,"lexical_change_high, semantic_change_high, gap_high",,"Abertura/Manchetes, Internacional",,,tele jornal | ter 02 20 17,"Estamos agora em direto com a Ucranica, um Washington, com os nossos enviados especiais e correspondentes, Boa Noite Sambre, os enviados da RTP à Ucrania, paus ironímios, Zeppin Tears, tiveram hoje as portas da cidade de Pokrovsk, que a Rússia Grante já",46
38,20:03,20:12,1203.0,1212.0,0.15,Other/Unknown,Internacional,Internacional,speech_only,True,OCR theme is unknown; final theme relies on speech.,1.0,1.0,1,not_detected_by_ocr,none,,,0,no_relevant_body_ocr_change,True,20:00,3.0,"lexical_change_high, semantic_change_high, gap_high",,"Abertura/Manchetes, Internacional",,,telejornal | ter 02 20 17 | lusine bayatyan | repórter de imagem | evgueny mouravitch | jornalista | tele jornal | ter 02 20 18,"Estamos agora em direto com a Ucranica, um Washington, com os nossos enviados especiais e correspondentes, Boa Noite Sambre, os enviados da RTP à Ucrania, paus ironímios, Zeppin Tears, tiveram hoje as portas da cidade de Pokrovsk, que a Rússia Grante já",47
39,20:12,20:21,1212.0,1221.0,0.15,Other/Unknown,Internacional,Internacional,speech_only,True,OCR theme is unknown; final theme relies on speech.,1.0,1.0,1,not_detected_by_ocr,none,,,0,no_relevant_body_ocr_change,True,20:00,12.0,"lexical_change_high, semantic_change_high, gap_high",,"Abertura/Manchetes, Internacional",,,tele jornal | ter 02 20 18 | ter 02 20 10 | telejornal | rtp pt | rtp | rtp r | rtp p,"Estamos agora em direto com a Ucranica, um Washington, com os nossos enviados especiais e correspondentes, Boa Noite Sambre, os enviados da RTP à Ucrania, paus ironímios, Zeppin Tears, tiveram hoje as portas da cidade de Pokrovsk, que a Rússia Grante já",48
40,20:21,28:30,1221.0,1710.0,8.15,Internacional,Internacional,Internacional,high,False,,0.877,0.51,15,not_detected_by_ocr,none,,,0,no_relevant_body_ocr_change,True,20:00,21.0,"lexical_change_high, semantic_change_high, gap_high",Internacional,"Abertura/Manchetes, Internacional, Eleições/Campanha, Justiça/Segurança",,,rtp pt | encontro russ | rtp | tele jornal | ter 02 20 18 | encontro rússia eua | witko | telejornal,"Estamos agora em direto com a Ucranica, um Washington, com os nossos enviados especiais e correspondentes, Boa Noite Sambre, os enviados da RTP à Ucrania, paus ironímios, Zeppin Tears, tiveram hoje as portas da cidade de Pokrovsk, que a Rússia Grante já ter conquistado, por isso, Boa Noite Palpe pergunta que a d'una das partes que lema que mantei o control da cidade. Foi ou não, já conquistado Essa é uma guerra da informação, ou seja, cada uma das partes está a tentar mostrar o poder que tem sobre a região, neste caso, sobre Pocróvsica. Na verdade, já há cerca de duas semanas,mos cobo também tinha dito através do Ministério da Defesa, que soldados russo, que tinham estado a astiar a bandeira...","49, 50, 51, 52"
41,28:30,28:36,1710.0,1716.0,0.1,Other/Unknown,No speech,Other/Unknown,no_speech,True,No speech window overlaps this OCR block.; Low speech coverage inside OCR block.,0.0,0.0,0,not_detected_by_ocr,none,,,0,no_relevant_body_ocr_change,False,,,,,,,,telejornal | ter 02 20 26 | não não só a venezuela | tele jornal,,53
42,28:36,28:48,1716.0,1728.0,0.2,Other/Unknown,No speech,Other/Unknown,no_speech,True,No speech window overlaps this OCR block.; Low speech coverage inside OCR block.,0.0,0.0,0,not_detected_by_ocr,none,,,0,no_relevant_body_ocr_change,False,,,,,,,,tivemos uma pausa | 20 26 | pete hegsethter 02 | tele jornal | tivemo s uma pausa | para atingir neste momento | porque é difícil encontrar barcos | pete hegset ter 02,,54
43,28:48,28:57,1728.0,1737.0,0.15,Other/Unknown,No speech,Other/Unknown,no_speech,True,No speech window overlaps this OCR block.; Low speech coverage inside OCR block.,0.0,0.0,0,not_detected_by_ocr,none,,,0,no_relevant_body_ocr_change,False,,,,Internacional,,,,de anteriores administrações | na abordagem repetitivá | 20 26 | pete hegsethter 02 | telejornal | na abordagem repetitiva | telej ornal | isto é o oposto dessa abordagem,,55
44,28:57,29:09,1737.0,1749.0,0.2,Other/Unknown,No speech,Other/Unknown,no_speech,True,No speech window overlaps this OCR block.; Low speech coverage inside OCR block.,0.0,0.0,0,not_detected_by_ocr,none,,,0,no_relevant_body_ocr_change,False,,,,,,,,com o apoio dos nossos comandantes | nós podemos contar sempre | tele jornal | ter 02 20 26 | the real property and address | tomamos decisões em situações difíceis | telejornal | fazemo lo no caso de todos estes ataques,,56
45,29:09,29:12,1749.0,1752.0,0.05,Other/Unknown,No speech,Other/Unknown,no_speech,True,No speech window overlaps this OCR block.; Low speech coverage inside OCR block.,0.0,0.0,0,not_detected_by_ocr,none,,,0,no_relevant_body_ocr_change,False,,,,,,,,fizeram o que devia ser feito continuaremos a fazê lo | telejornal | ter 02 20 27 | tele jornal | e temos o apoio deles | sr presidente | 20 27 | pete hegsethter 02 ssecretary of war,,57
46,29:12,29:15,1752.0,1755.0,0.05,Other/Unknown,No speech,Other/Unknown,no_speech,True,No speech window overlaps this OCR block.; Low speech coverage inside OCR block.,0.0,0.0,0,not_detected_by_ocr,none,,,0,no_relevant_body_ocr_change,False,,,,,,,,pete hegset ter 02 20 27 secretary of war | telejornal | ter 02 20 27,,58
47,29:15,29:18,1755.0,1758.0,0.05,Other/Unknown,No speech,Other/Unknown,no_speech,True,No speech window overlaps this OCR block.; Low speech coverage inside OCR block.,0.0,0.0,0,not_detected_by_ocr,none,,,0,no_relevant_body_ocr_change,True,30:00,45.0,"lexical_change_high, semantic_change_high, gap_high",,,,,conaduro zona digital | telejornal | ter 02 20 27 | maduro zona digital | tele jornal,,59
48,29:18,29:21,1758.0,1761.0,0.05,Other/Unknown,No speech,Other/Unknown,no_speech,True,No speech window overlaps this OCR block.; Low speech coverage inside OCR block.,0.0,0.0,0,not_detected_by_ocr,none,,,0,no_relevant_body_ocr_change,True,30:00,42.0,"lexical_change_high, semantic_change_high, gap_high",,,,,the p | tele jornal | ter 02 20 27,,60
49,29:21,29:42,1761.0,1782.0,0.35,Other/Unknown,No speech,Other/Unknown,no_speech,True,No speech window overlaps this OCR block.; Low speech coverage inside OCR block.,0.0,0.0,0,not_detected_by_ocr,none,,,0,no_relevant_body_ocr_change,True,30:00,39.0,"lexical_change_high, semantic_change_high, gap_high",,,,,tele jornal | ter 02 20 27 | panion was been said a market | telejornal | father heal held minis arranged | faster real hell while headed | creio de novo que é melhor | digamos assim,,61
50,29:42,29:48,1782.0,1788.0,0.1,Other/Unknown,No speech,Other/Unknown,no_speech,True,No speech window overlaps this OCR block.; Low speech coverage inside OCR block.,0.0,0.0,0,not_detected_by_ocr,none,,,0,no_relevant_body_ocr_change,True,30:00,18.0,"lexical_change_high, semantic_change_high, gap_high",Internacional,,,,decidirem fazer | se for isso que os estados unidos | telejornal | ter 02 20 27 | tele jornal,,62
51,29:48,29:51,1788.0,1791.0,0.05,Other/Unknown,No speech,Other/Unknown,no_speech,True,No speech window overlaps this OCR block.; Low speech coverage inside OCR block.,0.0,0.0,0,not_detected_by_ocr,none,,,0,no_relevant_body_ocr_change,True,30:00,12.0,"lexical_change_high, semantic_change_high, gap_high",,,,,telejornal | ter 02 20 27 | editorial | maduro | tele jornal,,63
52,29:51,30:00,1791.0,1800.0,0.15,Other/Unknown,No speech,Other/Unknown,no_speech,True,No speech window overlaps this OCR block.; Low speech coverage inside OCR block.,0.0,0.0,0,not_detected_by_ocr,none,,,0,no_relevant_body_ocr_change,True,30:00,9.0,"lexical_change_high, semantic_change_high, gap_high",,,,,telejornal | ter 02 20 27 | tele jornal,,64
53,30:00,30:06,1800.0,1806.0,0.1,Other/Unknown,Internacional,Internacional,speech_only,True,OCR theme is unknown; final theme relies on speech.,1.0,1.0,1,not_detected_by_ocr,none,,,0,no_relevant_body_ocr_change,True,30:00,0.0,"lexical_change_high, semantic_change_high, gap_high",,"Justiça/Segurança, Internacional",,,antónio mateus | jornalista | tele jornal | ter 02 20 27 | telejornal | ter 02 20 28,"A Echefa da Diplomacia Europeia, entre 2014 e 2012, a 9 foi detida por suspeita de fraude Federica Mogarini. É atualmente retorado o colégio da Europa em Ruj. Esta instituição acadêmica, assim como serviço de ação, externa da União Europeia em Bruxelas, foram alve de buscas por parte da Procordoria Europeia. Três pessoas, incluindo",65
54,30:06,30:09,1806.0,1809.0,0.05,Other/Unknown,Internacional,Internacional,speech_only,True,OCR theme is unknown; final theme relies on speech.,1.0,1.0,1,not_detected_by_ocr,none,,,0,no_relevant_body_ocr_change,True,30:00,6.0,"lexical_change_high, semantic_change_high, gap_high",,"Justiça/Segurança, Internacional",,,0413 | 1823 | 6146 | 740 | ibe | ibe 0413s | 13 00 barcelona | compartido av,"A Echefa da Diplomacia Europeia, entre 2014 e 2012, a 9 foi detida por suspeita de fraude Federica Mogarini. É atualmente retorado o colégio da Europa em Ruj. Esta instituição acadêmica, assim como serviço de ação, externa da União Europeia em Bruxelas, foram alve de buscas por parte da Procordoria Europeia. Três pessoas, incluindo",66
55,30:09,32:18,1809.0,1938.0,2.15,Other/Unknown,Internacional,Internacional,speech_only,True,OCR theme is unknown; final theme relies on speech.,0.395,1.0,2,candidate_detected,high,30:21,12.0,5,"body_ocr_appeared_after_empty_baseline, body_ocr_volume_jump, new_body_terms, lexical_shift_from_baseline",True,30:00,9.0,"lexical_change_high, semantic_change_high, gap_high",Governo/Partidos,"Justiça/Segurança, Internacional, Eleições/Campanha",,,tele jornal | ter 02 20 28 | federica mogherini detida | ex chefe da diplomacia europeia suspeita de fraude | telejornal | and the property of the party of the party of the party of the party of the party of the party of the party of the party of the party of the party of the party of the party of the party of the party of the party of the par | the the person named in | college of europe,"A Echefa da Diplomacia Europeia, entre 2014 e 2012, a 9 foi detida por suspeita de fraude Federica Mogarini. É atualmente retorado o colégio da Europa em Ruj. Esta instituição acadêmica, assim como serviço de ação, externa da União Europeia em Bruxelas, foram alve de buscas por parte da Procordoria Europeia. Três pessoas, incluindo Mogarini, foram detidas por suspeita de fraude na atribuição de financiamento da União Europeia. É um projeto para a formação de jovens diplomatas. Viacordo com a Procordoria, um dos candidatos tratido acesso é a informação confidencial que acabou para o Brunficiar, ponde em causa todo o processo de silênção.",67
56,32:18,33:39,1938.0,2019.0,1.35,Greves/Trabalho,Greves/Trabalho,Greves/Trabalho,high,True,Low speech coverage inside OCR block.,0.111,1.0,1,not_detected_by_ocr,none,,,0,no_relevant_body_ocr_change,False,,,,Greves/Trabalho,Greves/Trabalho,,,pm defende que o trabalhador tem de contribuir | flexibilidade laboral | telejernal | ter 02 20 30 | telejornal | tuaal | t i | tele jornal,"Os trabalhadores da AOT para aprovaram por unanimidade à adesão à greve geral de dia 11 uma decisão que pode levar à paragem da empresa de Palmele, CJTPOGT, acusam a administra do trabalho se estar mais preocupada ou sobreocupada com os serviços mínimos. A",68
57,33:39,33:42,2019.0,2022.0,0.05,Other/Unknown,Greves/Trabalho,Greves/Trabalho,speech_only,True,OCR theme is unknown; final theme relies on speech.,1.0,1.0,1,not_detected_by_ocr,none,,,0,no_relevant_body_ocr_change,True,33:30,9.0,"theme_changed, lexical_change_high, semantic_change_high, gap_high",,Greves/Trabalho,,,deixe deixe | gota e | grupo outerinho | to mais | tele jornal | ter 02 20 31 | compicorn | deixe,"Os trabalhadores da AOT para aprovaram por unanimidade à adesão à greve geral de dia 11 uma decisão que pode levar à paragem da empresa de Palmele, CJTPOGT, acusam a administra do trabalho se estar mais preocupada ou sobreocupada com os serviços mínimos. A",69
58,33:42,38:03,2022.0,2283.0,4.35,Greves/Trabalho,Governo/Partidos,Greves/Trabalho,low_conflict,True,OCR and speech themes conflict.,1.0,0.23,10,late_body_ocr_change,low,,60.0,5,"body_ocr_appeared_after_empty_baseline, body_ocr_volume_jump, new_body_terms, lexical_shift_from_baseline",True,33:30,12.0,"theme_changed, lexical_change_high, semantic_change_high, gap_high","Greves/Trabalho, Governo/Partidos, Economia/Proteção Social, Transportes/Mobilidade, Justiça/Segurança","Greves/Trabalho, Governo/Partidos, Justiça/Segurança, Abertura/Manchetes",,,tele jornal | ter 02 20 31 | greve geral | telejornal | trabalhadores da autoeuropa aderem à paralisação | espera que sejam cumpridos serviços mínimos | ministra do trabalho | ter 02 20 32,"Os trabalhadores da AOT para aprovaram por unanimidade à adesão à greve geral de dia 11 uma decisão que pode levar à paragem da empresa de Palmele, CJTPOGT, acusam a administra do trabalho se estar mais preocupada ou sobreocupada com os serviços mínimos. A ministra garante que uma possível requisição civil para a greve nunca esteve. iniciativas juntou as duas entras sindicais um dia depois da ministra do trabalho, ter dito que as pessoas estão cansadas de grevos por razões políticas. Está saindo preocupar com o greve, está saindo preocupar com a dimensão da greve, quando se devia preocupar era em retrocedido, naquilo que é esta impusição do governo e olhar para aqueles que trabalham todos os...","70, 71, 72, 73, 74, 75, 76"
59,38:03,38:15,2283.0,2295.0,0.2,Other/Unknown,Justiça/Segurança,Justiça/Segurança,speech_only,True,OCR theme is unknown; final theme relies on speech.,1.0,1.0,1,not_detected_by_ocr,none,,,0,no_relevant_body_ocr_change,True,37:30,33.0,"theme_changed, volume_change_high",,Justiça/Segurança,,,com os melhores cumprimentos | telejornal | ter 02 20 35 | ter 02 20 36,"11 processos disciplinários a IGAI corrobora à informação e a dienta que já foi solicitado ao Ministério Público o envio de elementos do processo de inquérito crime. Quando isso acontecer, será efeito à da pondração de eventual proposta de aplicação de medidas calculares que de acordo com o regulamento da disciplina da GENI R e com o estatuto disciplinar da PSP, podem passar por apreensão do documento ao objeto, desarmamento, transferência preventiva ou até suspensão preventiva. Tudo isto",77
60,38:15,39:12,2295.0,2352.0,0.95,Justiça/Segurança,Justiça/Segurança,Justiça/Segurança,high,False,,1.0,1.0,3,candidate_detected,high,38:21,6.0,3,"new_body_terms, lexical_shift_from_baseline",True,37:30,45.0,"theme_changed, volume_change_high","Justiça/Segurança, Educação",Justiça/Segurança,,,com os melhores cumprimentos | telejornal | ter 02 20 36 | juniapprodricia | lisboa | ministério público portugal in costan do como do como do como do como do como do como do como do como do como do como do como do como do como do como do como do como do como do como do como do como do como do como do como | porl legislação | procuradoria geral regional de,"11 processos disciplinários a IGAI corrobora à informação e a dienta que já foi solicitado ao Ministério Público o envio de elementos do processo de inquérito crime. Quando isso acontecer, será efeito à da pondração de eventual proposta de aplicação de medidas calculares que de acordo com o regulamento da disciplina da GENI R e com o estatuto disciplinar da PSP, podem passar por apreensão do documento ao objeto, desarmamento, transferência preventiva ou até suspensão preventiva. Tudo isto surge depois da opração safra justa, em causa a está eventual prática de faria-os crimes, incluindo ao silhouar a imigração em legal, traficto de pessoas, corrupção ativa e passiva, abuse de poder falsifica...","78, 79, 80, 81"
61,39:12,39:18,2352.0,2358.0,0.1,Other/Unknown,Justiça/Segurança,Justiça/Segurança,speech_only,True,OCR theme is unknown; final theme relies on speech.,1.0,1.0,1,not_detected_by_ocr,none,,,0,no_relevant_body_ocr_change,False,,,,,Justiça/Segurança,,,ismael marcos | joana melo | repórter de imagem | jornalista | soraia ramos | editora de imagem | tele jornal | ter 02 20 37,"mais de cinco dias sem aviso às autoridades. Um dos policias é a gente da PSP, estava já debaixa há 15 meses agora também será alvo de processo disciplinar. As duas forças de segurança já tinham repudiado qualquer de respeito e violação da lei.",82
62,39:18,39:24,2358.0,2364.0,0.1,Other/Unknown,Justiça/Segurança,Justiça/Segurança,speech_only,True,OCR theme is unknown; final theme relies on speech.,1.0,1.0,1,not_detected_by_ocr,none,,,0,no_relevant_body_ocr_change,False,,,,,Justiça/Segurança,,,tele jornal | ter 02 20 37 | operação marquês,"mais de cinco dias sem aviso às autoridades. Um dos policias é a gente da PSP, estava já debaixa há 15 meses agora também será alvo de processo disciplinar. As duas forças de segurança já tinham repudiado qualquer de respeito e violação da lei.",83
63,39:24,41:51,2364.0,2511.0,2.45,Justiça/Segurança,Justiça/Segurança,Justiça/Segurança,high,False,,0.449,0.545,3,candidate_detected,high,39:48,24.0,5,"body_ocr_appeared_after_empty_baseline, body_ocr_volume_jump, new_body_terms, lexical_shift_from_baseline",False,,,,"Justiça/Segurança, Internacional, Governo/Partidos","Justiça/Segurança, Governo/Partidos",,,ministério público teme que sócrates pl | odedação madoliês | telejornal | ter 02 20 37 | ministério público teme que sócrates planeie fuga | operação marquês | tele jornal | 7 assim a ser verdade que o arguido se deslocou ao médio oriente durante o,"mais de cinco dias sem aviso às autoridades. Um dos policias é a gente da PSP, estava já debaixa há 15 meses agora também será alvo de processo disciplinar. As duas forças de segurança já tinham repudiado qualquer de respeito e violação da lei. de passa-porte na mão, o antigo primeiro ministro confirmam que viajou duas vezes para a verdade nos últimos tempos, mas dentro da lei. Quando duas viagens paradas no tempo, cerca de três semanas, uma foi em outubro, tive quatro dias, na outra, e esta viagem, este teve cerca de cinco dias. E durante esse período eu não sou obrigado a notificar o tribunal, e não o faço, porque, por exemplo, tudo que o tribunal só percebe, aparece em diatamente no Jorna...","84, 85, 86"
64,41:51,41:57,2511.0,2517.0,0.1,Other/Unknown,No speech,Other/Unknown,no_speech,True,No speech window overlaps this OCR block.; Low speech coverage inside OCR block.,0.0,0.0,0,not_detected_by_ocr,none,,,0,no_relevant_body_ocr_change,False,,,,,,,,tele jornal | ter 02 20 39 | carlos matias fábio siqueniqu | editor de image | repórteres de image | jornalista s | mariana flor tiago imaginári | josé rui rodrigue,,87
65,41:57,44:39,2517.0,2679.0,2.7,Eleições/Campanha,No speech,Eleições/Campanha,no_speech,True,No speech window overlaps this OCR block.; Low speech coverage inside OCR block.,0.0,0.0,0,not_detected_by_ocr,none,,,0,no_relevant_body_ocr_change,False,,,,"Eleições/Campanha, Habitação, Governo/Partidos, Cultura",,"Luís Marques Mendes, André Ventura, Cotrim Figueiredo, Catarina Martins",,tele jornal | ter 02 20 39 | eleições presidenciais | telejornal | candidatos desejam rápida recupera | el eloões desidenciais | candidatos desejam rápida recuperação do pr | ter 02 20 40,,"88, 89"
66,44:39,44:42,2679.0,2682.0,0.05,Other/Unknown,No speech,Other/Unknown,no_speech,True,No speech window overlaps this OCR block.; Low speech coverage inside OCR block.,0.0,0.0,0,not_detected_by_ocr,none,,,0,no_relevant_body_ocr_change,True,45:00,21.0,"theme_changed, lexical_change_high, semantic_change_high, entities_changed, volume_change_high, gap_high",,,,,equiv | tele jornal | ter 02 20 42,,90
67,44:42,47:27,2682.0,2847.0,2.75,Eleições/Campanha,Economia/Proteção Social,Eleições/Campanha,low_conflict,True,OCR and speech themes conflict.,0.527,0.345,3,not_detected_by_ocr,none,,,0,no_relevant_body_ocr_change,True,45:00,18.0,"theme_changed, lexical_change_high, semantic_change_high, entities_changed, volume_change_high, gap_high",Eleições/Campanha,"Eleições/Campanha, Economia/Proteção Social","Jorge Pinto, António José Seguro",,deba | tele jornal | ter 02 20 42 | debate presidenciais na rtp | telejornal | seguro faz apelo à responsabilidade da esquerda | ter 02 20 43 | jorge pinto,"Eu trouxe aqui comigo e terei todo gostei de deixar no final uma carta que lindirei assim, do quando me desfilei do Partido Socialista. As razões que aqui estão são na verdade aquelas as quais continuam a andar a resposta. Como é que o Orçamento de Estado de para-2012, quando há até deputados do Partido Socialista que cabraram a disciplina de voto para votar contra, Antórios José Surtofia andia a abstenção. Tomei aquilo que me percebeu correto, que foi a opção pela responsabilidade e pela defesa do interesse nacional. Eu acho que ainda muito água vai correr. Eu vim mesmo para ser que vai até o fim da primeira volta da nada. Eu vou até o fim, porque eu sei o que farei se for apresenta a Repúb...","91, 92, 93"
68,47:27,47:30,2847.0,2850.0,0.05,Other/Unknown,Other/Unknown,Other/Unknown,unknown_both,True,Both modalities are unknown.,1.0,1.0,1,not_detected_by_ocr,none,,,0,no_relevant_body_ocr_change,True,47:00,27.0,"semantic_change_high, volume_change_high, gap_high",,,,,tele jornal | ter 02 20 45 | debate amanhã na rtp,"Eu acho que ainda muito água vai correr. Eu vim mesmo para ser que vai até o fim da primeira volta da nada. Eu vou até o fim, porque eu sei o que farei se for apresenta a República. Eu convenci de que chego a segunda volta, mas naturalmente que a dão de haver se mereço de responsabilidade. O debate que começou a recordar o curto tempo em que estiveram do mesmo lado acabou com a garantia de que não são o adversário um do outro.",94
69,47:30,48:06,2850.0,2886.0,0.6,Internacional,No speech,Internacional,no_speech,True,No speech window overlaps this OCR block.; Low speech coverage inside OCR block.,0.0,0.0,0,not_detected_by_ocr,none,,,0,no_relevant_body_ocr_change,True,47:00,30.0,"semantic_change_high, volume_change_high, gap_high",Internacional,,"Luís Marques Mendes, António José Seguro",,debate amanhã na rtp | tele jornal | ter 02 20 45 | luís marques mendes e antónio josé seguro às 21h | telejornal | decte cliínia | peste suína em espanha | venda de carros,,95
