block_id,start_time,end_time,start_sec,end_sec,duration_min,ocr_theme,speech_theme,final_theme,agreement,needs_review,review_reason,speech_coverage_ratio,speech_theme_support_ratio,n_speech_windows,anchor_candidate_status,anchor_confidence,anchor_pivot_to_piece_time,anchor_candidate_offset_sec,anchor_score,anchor_evidence,speech_transition_near_boundary,nearest_speech_transition_time,nearest_speech_transition_distance_sec,nearest_speech_transition_reason,ocr_themes_present,speech_themes_present,ocr_candidates_present,speech_candidates_present,ocr_text,speech_excerpt,micro_blocks,example_type
6,03:15,10:15,195.0,615.0,7.0,Greves/Trabalho,Greves/Trabalho,Greves/Trabalho,high,False,,0.714,0.45,11,not_detected_by_ocr,none,,,0,no_relevant_body_ocr_change,False,,,,"Justiça/Segurança, Greves/Trabalho, Governo/Partidos","Greves/Trabalho, Cultura, Justiça/Segurança, Governo/Partidos, Saúde, Educação",,,greve geral em todo o país | polícia desce escadaria da ar para conter ânimos | tvi 19 57 | 19 57 | tvi | polícia desce escadaria da ar para conter ânim | polícia desce escadaria da ar para conter ânimo | tvi 19 58,"do que pessoas não quer reconhecer a palavra manifestantes, porque essa manifestação, esse protesto já acabou há muito para volta desde 5 da tarde, depois dessa manifestação que trouxe até aqui é a gente fila e a e-marja quer apoia antes da CGTP quer também de um gtx que se coligaram este dia de grava geral e que vieram até aqui, ou se tem um ex-comício ou o iluminacional mais algumas canções que foram empuadas e a partir daí, ouve uma massa humana que aqui ficou aproximadamente talvez 1.000 mil e 500 pessoas, montado das pessoas que aqui estiveram quando chegou aqui na manifestação, mas a partir das 6 da tarde foram muitos os que desmobilizaram, cada vez tem sido mais aqueles que se têm ain...","7, 8, 9, 10, 11",high_agreement
16,39:36,41:09,2376.0,2469.0,1.55,Eleições/Campanha,Eleições/Campanha,Eleições/Campanha,high,False,,1.0,0.581,4,late_body_ocr_change,low,,39.0,2,"body_ocr_appeared_after_empty_baseline, body_ocr_volume_jump",False,,,,"Governo/Partidos, Greves/Trabalho, Eleições/Campanha","Eleições/Campanha, Governo/Partidos, Greves/Trabalho","Catarina Martins, António José Seguro, Henrique Gouveia e Melo, Luís Marques Mendes, André Ventura, Cotrim Figueiredo",,catarina martins isto é um sinal fortíssimo | greve geral paralisou o país | 20 33 | tvi | seguro pede ao governo que retire a proposta | tvi 20 33 | 20 34 | tvi 20 34,"tem de compreender, que não pode pedir a quem trabalha. Os três foram os únicos que optaram de desfarecer o lado dos trabalhadores e faltar o evento e a da democracia em Uairas, por onde passaram os bastantes candidatos presidenciais, ainda que com a visão diferentes sobre a legislação da Braula. É uma proposta temporária, do Governo tem que ter mais bom senso e um iludado para perceber que criou um problema e que senteu nesse problema e que agora a melhor maneira de fazer democraticamente é retirar a sua proposta. Nas três partes que estão envolvidas neste processo sejam capaces de juntar novamente e de alugar e negociar. Se chegamos a este ponto é por que o governo fallou. A greva é um dir...","39, 40, 41, 42",high_agreement
11,22:15,28:24,1335.0,1704.0,6.15,Educação,Saúde,Educação,medium_related,False,Themes differ but belong to the same broad group.,0.854,0.619,11,weak_candidate_no_persistence,low,22:27,12.0,5,"body_ocr_volume_jump, new_body_terms, lexical_shift_from_baseline, body_zone_changed",True,22:00,15.0,"theme_changed, lexical_change_high","Saúde, Greves/Trabalho, Ambiente/Meteorologia/Proteção Civil, Internacional, Educação","Saúde, Governo/Partidos, Justiça/Segurança, Abertura/Manchetes, Greves/Trabalho, Educação",,,fnam revela adesão à greve a rondar os 90 | greve deixa saúde paralisada | tvi 20 16 | 20 16 | tvi | 2005 | 20 93 | 11700,"cancelados. Vamos agora aos hospitales ver o que se passou na saúde e impacta gravis joalho. Fecham-se sentidos sobretudo na cirurgia de as não urgentes e nas consultas programadas. A Fedoração Nacional dos Médicos fala numa adesão a rondar os 90%. vou ter que agora engender novamente para este número e mais nada a isso. F foram estes os relatos um pouco por todo o país. A norte no hospital do San João no Porto, consultas, isamos e analises clínicas foram adiadas. As consultas, seja a nível do hospital, seja a nível dos centros de saúde e a cirurgia programada irá sentir-se. E aqui o grande responsável é Luiz Montenegro, o seu governo que tem sido intransigente nas negociações em geral e tam...","28, 29, 30, 31",medium_related_agreement
5,01:06,03:15,66.0,195.0,2.15,Greves/Trabalho,Governo/Partidos,Greves/Trabalho,low_conflict,True,OCR and speech themes conflict.,1.0,0.651,5,not_detected_by_ocr,none,,,0,no_relevant_body_ocr_change,True,01:00,6.0,first_speech_window,"Greves/Trabalho, Justiça/Segurança","Governo/Partidos, Greves/Trabalho, Justiça/Segurança, Ambiente/Meteorologia/Proteção Civil",,,19 55 | tvi | depro dar | greve geral em todo o país | tvi 19 55 | cresce a tensão na escadaria da assembleia | ânimos sobem de tom em frente à assembleia | tvi 19 56,"Porém, se começamos este sinal nacional com os momentos de alta atenção que se vivem a esta hora na Assembleia da República. Depois de uma manifestação que se iniciou de forma pacífica no rossil a improteste contra o pacote laboral, os anemos exaltaram-se a chegada ao Parlamento. Um grupo de pessoas que vemos agora em imagem começou a remissar objetos em semas, garrafas e pedras contra as escadarias da Assembleia da República. A Polícia está agora a tentar controlar estes cidadãos em Fúria, ao que conseguimos apurar nenhum deles se faz parte da CZP ou da UGT, as duas centrais helicais que convocaram o protesto em dia de grabs. Olá, Sandra Boloie. Está aproximadamente 10, 15 minutos. Uma equi...",6,low_conflict
7,10:15,11:36,615.0,696.0,1.35,Governo/Partidos,Saúde,Governo/Partidos,low_conflict,True,OCR and speech themes conflict.,1.0,0.556,4,candidate_detected,high,10:30,15.0,4,"body_ocr_appeared_after_empty_baseline, new_body_terms, lexical_shift_from_baseline",True,10:00,15.0,"theme_changed, lexical_change_high, semantic_change_high, gap_high","Governo/Partidos, Greves/Trabalho, Educação","Saúde, Educação, Greves/Trabalho, Justiça/Segurança",,,governo fala em adesão inexpressiva | greve geral em todo o país | 20 04 | tvi | 11 df7 r | 11 de7 | geral | www cgtp pt,"O que desde o Itimeia, eu não consigo pegar o que o camioneta deixou de um coboio. Em dia de gravisar alo, o país ficou superimido, apesar dos serviços mínimos. Não são nos coboios, mas também na educação e na saúde. Nos hospitales, são José, por exemplo, a sala de espera para as consultas costuma estar abarrotar de pessoas. Dizer que as consultas ternas, pelo meu conhecimento, não têm técnicos auxiliais de saúde, não têm enfermeiros, têm apenas alguns assicentes técnicos e muito poucos médicos. No porto no hospital de São João não é possível, mas carar a greve só se atende o que é urgente. Sandra, a polícia está a fazer exatamente 5 feias, aproximadamente 3 quartos. Agora está este indir o ...","12, 13, 14",low_conflict
1,00:00,00:15,0.0,15.0,0.25,Governo/Partidos,No speech,Governo/Partidos,no_speech,True,No speech window overlaps this OCR block.; Low speech coverage inside OCR block.,0.0,0.0,0,not_detected_by_ocr,none,,,0,no_relevant_body_ocr_change,False,,,,Governo/Partidos,,,,a televisão feita por si | 19 53 | 2 976 | tensão na escadaria do parlamento | tvi 19 53,,1,needs_review
2,00:15,00:36,15.0,36.0,0.35,Greves/Trabalho,No speech,Greves/Trabalho,no_speech,True,No speech window overlaps this OCR block.; Low speech coverage inside OCR block.,0.0,0.0,0,not_detected_by_ocr,none,,,0,no_relevant_body_ocr_change,True,01:00,45.0,first_speech_window,"Educação, Greves/Trabalho",,,,divc | 1 865 | tvi 19 53 | amanhã há greve da função pública | dnc | ubuntu | 19 53 | teife,,"2, 3",needs_review
3,00:36,00:57,36.0,57.0,0.35,Other/Unknown,No speech,Other/Unknown,no_speech,True,No speech window overlaps this OCR block.; Low speech coverage inside OCR block.,0.0,0.0,0,weak_candidate_no_persistence,low,00:54,18.0,4,"body_ocr_volume_jump, new_body_terms, lexical_shift_from_baseline",True,01:00,24.0,first_speech_window,,,,,1 865 | tvi 19 54 | agarrados ao ecrã crianças viciadas | 19 54 | tv 19 54 | nacional | 0 754 | 3 087,,4,anchor_to_piece_candidate
7,10:15,11:36,615.0,696.0,1.35,Governo/Partidos,Saúde,Governo/Partidos,low_conflict,True,OCR and speech themes conflict.,1.0,0.556,4,candidate_detected,high,10:30,15.0,4,"body_ocr_appeared_after_empty_baseline, new_body_terms, lexical_shift_from_baseline",True,10:00,15.0,"theme_changed, lexical_change_high, semantic_change_high, gap_high","Governo/Partidos, Greves/Trabalho, Educação","Saúde, Educação, Greves/Trabalho, Justiça/Segurança",,,governo fala em adesão inexpressiva | greve geral em todo o país | 20 04 | tvi | 11 df7 r | 11 de7 | geral | www cgtp pt,"O que desde o Itimeia, eu não consigo pegar o que o camioneta deixou de um coboio. Em dia de gravisar alo, o país ficou superimido, apesar dos serviços mínimos. Não são nos coboios, mas também na educação e na saúde. Nos hospitales, são José, por exemplo, a sala de espera para as consultas costuma estar abarrotar de pessoas. Dizer que as consultas ternas, pelo meu conhecimento, não têm técnicos auxiliais de saúde, não têm enfermeiros, têm apenas alguns assicentes técnicos e muito poucos médicos. No porto no hospital de São João não é possível, mas carar a greve só se atende o que é urgente. Sandra, a polícia está a fazer exatamente 5 feias, aproximadamente 3 quartos. Agora está este indir o ...","12, 13, 14",anchor_to_piece_candidate
