block_id,ocr_start_sec,ocr_end_sec,ocr_start_time,ocr_end_time,ocr_duration_sec,ocr_duration_min,window_id,speech_start_sec,speech_end_sec,speech_start_time,speech_end_time,speech_duration_sec,overlap_sec,overlap_ratio_of_ocr_block,overlap_ratio_of_speech_window,ocr_theme,ocr_themes_present,ocr_text,speech_theme,speech_themes_present,speech_candidates_present,speech_parties_present,speech_text,speech_source_segments,speech_transition_reason
1,3.0,63.0,00:03,01:03,60.0,1.0,1,60.0,90.0,01:00,01:30,30.0,3.0,0.05,0.1,Internacional,"Justiça/Segurança, Ambiente/Meteorologia/Proteção Civil, Greves/Trabalho, Internacional",médica do ozempic meio milhão de caução | incêndio na cop 30 | for ou | negociações greve geral | plano de paz ucrânia | plano de pa ucrânia | epaz | crania,Abertura/Manchetes,"Abertura/Manchetes, Eleições/Campanha",,,"Boa noite, primeiro debate das presidenciais na RTP. Esta noite, em ricovei, melis, um cotinho figurado, vão estar aqui frente a frente, logo a seguir ao telas de jornal. Os",1,
2,63.0,69.0,01:03,01:09,6.0,0.1,1,60.0,90.0,01:00,01:30,30.0,6.0,1.0,0.2,Other/Unknown,,no and a second | semente | 45 33 61 n | 17 39 | 2 95 | 277 | 3 90 | 8 15,Abertura/Manchetes,"Abertura/Manchetes, Eleições/Campanha",,,"Boa noite, primeiro debate das presidenciais na RTP. Esta noite, em ricovei, melis, um cotinho figurado, vão estar aqui frente a frente, logo a seguir ao telas de jornal. Os",1,
3,69.0,81.0,01:09,01:21,12.0,0.2,1,60.0,90.0,01:00,01:30,30.0,12.0,1.0,0.4,Other/Unknown,,45 33 61 n | 55 19 81 n | qui 20 19 58 | telejornal,Abertura/Manchetes,"Abertura/Manchetes, Eleições/Campanha",,,"Boa noite, primeiro debate das presidenciais na RTP. Esta noite, em ricovei, melis, um cotinho figurado, vão estar aqui frente a frente, logo a seguir ao telas de jornal. Os",1,
4,81.0,84.0,01:21,01:24,3.0,0.05,1,60.0,90.0,01:00,01:30,30.0,3.0,1.0,0.1,Other/Unknown,,qui 20 19 58 | telejornal | joão adelino faria rtp | ioão adelinio fadia | qui 20 19 59,Abertura/Manchetes,"Abertura/Manchetes, Eleições/Campanha",,,"Boa noite, primeiro debate das presidenciais na RTP. Esta noite, em ricovei, melis, um cotinho figurado, vão estar aqui frente a frente, logo a seguir ao telas de jornal. Os",1,
5,84.0,249.0,01:24,04:09,165.0,2.75,1,60.0,90.0,01:00,01:30,30.0,6.0,0.03636363636363636,0.2,Justiça/Segurança,"Eleições/Campanha, Justiça/Segurança",qui 20 19 59 | telejornal | debates presidenciais | gouveia e melo e cot | gouveia e melo e cotrim figueiredo às 21h na rtp | 19 59 | qui 20 | oticias rtp pt,Abertura/Manchetes,"Abertura/Manchetes, Eleições/Campanha",,,"Boa noite, primeiro debate das presidenciais na RTP. Esta noite, em ricovei, melis, um cotinho figurado, vão estar aqui frente a frente, logo a seguir ao telas de jornal. Os",1,
5,84.0,249.0,01:24,04:09,165.0,2.75,2,90.0,120.0,01:30,02:00,30.0,30.0,0.18181818181818182,1.0,Justiça/Segurança,"Eleições/Campanha, Justiça/Segurança",qui 20 19 59 | telejornal | debates presidenciais | gouveia e melo e cot | gouveia e melo e cotrim figueiredo às 21h na rtp | 19 59 | qui 20 | oticias rtp pt,Eleições/Campanha,Eleições/Campanha,,,dois candidatos à presidência da República vão discutir temas como o alé laboral a tapo aos poderes do presidente da República. O debate que vai ser neste estudo e começa a seguir ao telas de jornal vai ser mudado pelo Victor Gonçado.,1,
5,84.0,249.0,01:24,04:09,165.0,2.75,3,120.0,150.0,02:00,02:30,30.0,30.0,0.18181818181818182,1.0,Justiça/Segurança,"Eleições/Campanha, Justiça/Segurança",qui 20 19 59 | telejornal | debates presidenciais | gouveia e melo e cot | gouveia e melo e cotrim figueiredo às 21h na rtp | 19 59 | qui 20 | oticias rtp pt,Justiça/Segurança,Justiça/Segurança,,,"A Médicas Rupras 9 e 9 a.m. a o tico do Porto para ser presente à juíza de instrução criminal e responder pela prática de crimes cometidos, algadamente há muitos anos. A operação Avelix arrancou em 2020 com uma denúncia. Muito antes, já",2,
5,84.0,249.0,01:24,04:09,165.0,2.75,4,150.0,180.0,02:30,03:00,30.0,30.0,0.18181818181818182,1.0,Justiça/Segurança,"Eleições/Campanha, Justiça/Segurança",qui 20 19 59 | telejornal | debates presidenciais | gouveia e melo e cot | gouveia e melo e cotrim figueiredo às 21h na rtp | 19 59 | qui 20 | oticias rtp pt,Justiça/Segurança,Justiça/Segurança,,,"se receitava, os empicanho Portugal, para pessoas com diabetes tipo 2. A Indócronulgista graça Vargas começou a ser interrogada por sospeta de Múrla qualificado ao Serviço Nacional de Sude e falsidade informática. Traa os dados está de implementos três milhões para já saem em liberdade contra pagamento de caução de 1 milhão de euros a prestar em 30 dias. Fica ainda proibida de contatar com destemunhas, com o tente, não diabéticos, a quem tenha prescrito, com","2, 3",
5,84.0,249.0,01:24,04:09,165.0,2.75,5,180.0,210.0,03:00,03:30,30.0,30.0,0.18181818181818182,1.0,Justiça/Segurança,"Eleições/Campanha, Justiça/Segurança",qui 20 19 59 | telejornal | debates presidenciais | gouveia e melo e cot | gouveia e melo e cotrim figueiredo às 21h na rtp | 19 59 | qui 20 | oticias rtp pt,Other/Unknown,,,,"os demais erguidos. Fica também proibida de frequentar a clínica onde inserecia, se ausentar para os tranjeiros e se suspensa de praticar medicina.",3,
5,84.0,249.0,01:24,04:09,165.0,2.75,6,210.0,240.0,03:30,04:00,30.0,30.0,0.18181818181818182,1.0,Justiça/Segurança,"Eleições/Campanha, Justiça/Segurança",qui 20 19 59 | telejornal | debates presidenciais | gouveia e melo e cot | gouveia e melo e cotrim figueiredo às 21h na rtp | 19 59 | qui 20 | oticias rtp pt,Justiça/Segurança,Justiça/Segurança,,,"Graça Vargas passava receitas dosa-empique que custa por embalagem 16 euros e 85 centímetros. Cada cliente pagaria apenas cerca de 10 euros, ficando o restante valor a cargo do verário público. Segunda investigação, ela será recordista",4,
5,84.0,249.0,01:24,04:09,165.0,2.75,7,240.0,270.0,04:00,04:30,30.0,9.0,0.05454545454545454,0.3,Justiça/Segurança,"Eleições/Campanha, Justiça/Segurança",qui 20 19 59 | telejornal | debates presidenciais | gouveia e melo e cot | gouveia e melo e cotrim figueiredo às 21h na rtp | 19 59 | qui 20 | oticias rtp pt,Other/Unknown,,,,"da prescrição deste medicamento em Portugal. É a RTP que se tira no farmácia, zoomedicamente continua ratiado, uma delas informou receber apenas uma embalagem de cada dosagem por semana.",4,
6,249.0,255.0,04:09,04:15,6.0,0.1,7,240.0,270.0,04:00,04:30,30.0,6.0,1.0,0.2,Other/Unknown,,david araújo josé pedro ribeiro | editora de imagem | onsudi | paula meira | repórteres de imagem | jornalistas | patrícia machado sónia silva francisca fortuna | qui 20 20 01,Other/Unknown,,,,"da prescrição deste medicamento em Portugal. É a RTP que se tira no farmácia, zoomedicamente continua ratiado, uma delas informou receber apenas uma embalagem de cada dosagem por semana.",4,
7,255.0,303.0,04:15,05:03,48.0,0.8,7,240.0,270.0,04:00,04:30,30.0,15.0,0.3125,0.5,Other/Unknown,Justiça/Segurança,qui 20 20 01 | telejornal | 4 doser | ice | operação gambérria | funcionárias ficam suspensas e | funcionárias ficam suspensas e em liberdade | ticias rtp pt,Other/Unknown,,,,"da prescrição deste medicamento em Portugal. É a RTP que se tira no farmácia, zoomedicamente continua ratiado, uma delas informou receber apenas uma embalagem de cada dosagem por semana.",4,
7,255.0,303.0,04:15,05:03,48.0,0.8,8,270.0,300.0,04:30,05:00,30.0,30.0,0.625,1.0,Other/Unknown,Justiça/Segurança,qui 20 20 01 | telejornal | 4 doser | ice | operação gambérria | funcionárias ficam suspensas e | funcionárias ficam suspensas e em liberdade | ticias rtp pt,Saúde,"Saúde, Justiça/Segurança",,,"O tribunal decidiu ter uma identidade e residência para as duas mulheres suspeitas de inscrever em de forma illegal 10 mil imigrantes no serviço nacional de saúde. Além disso, as duas funcionárias de um centro de saúde de cortegassa, ovar, ficam suspenças de funções e prohibidas de se contactarem uma outra e também elementos de",5,
7,255.0,303.0,04:15,05:03,48.0,0.8,9,300.0,330.0,05:00,05:30,30.0,3.0,0.0625,0.1,Other/Unknown,Justiça/Segurança,qui 20 20 01 | telejornal | 4 doser | ice | operação gambérria | funcionárias ficam suspensas e | funcionárias ficam suspensas e em liberdade | ticias rtp pt,Saúde,"Saúde, Justiça/Segurança",,,"organização que está sendo investigada pela perjota. A Polícia Judicialia acredita que as duas mulheres estão envolvidas no esquema de legalização fraude lenta de imigrantes. Os imigrantes pagariam uma rede para ficar em legais, os dados seriam gerados e entregues a estas duas mulheres que no centro de saúde fariam a inscrição também em troca de dinheiro. Após isso, os imigrantes ficariam com um número de utente ou que permitem usufruir dos serviços",5,
8,303.0,351.0,05:03,05:51,48.0,0.8,9,300.0,330.0,05:00,05:30,30.0,27.0,0.5625,0.9,Saúde,"Saúde, Justiça/Segurança",funcionárias ficam suspensas e em liberdade | operação gambérria | polícia judiciária | ielej ornal | ies rin bi | qui 20 20 02 | terão inscrito 10 mil imil | telejornal,Saúde,"Saúde, Justiça/Segurança",,,"organização que está sendo investigada pela perjota. A Polícia Judicialia acredita que as duas mulheres estão envolvidas no esquema de legalização fraude lenta de imigrantes. Os imigrantes pagariam uma rede para ficar em legais, os dados seriam gerados e entregues a estas duas mulheres que no centro de saúde fariam a inscrição também em troca de dinheiro. Após isso, os imigrantes ficariam com um número de utente ou que permitem usufruir dos serviços",5,
8,303.0,351.0,05:03,05:51,48.0,0.8,10,330.0,360.0,05:30,06:00,30.0,21.0,0.4375,0.7,Saúde,"Saúde, Justiça/Segurança",funcionárias ficam suspensas e em liberdade | operação gambérria | polícia judiciária | ielej ornal | ies rin bi | qui 20 20 02 | terão inscrito 10 mil imil | telejornal,Justiça/Segurança,"Saúde, Justiça/Segurança",,,"do SNS. Ataí legal já duraria há um animai. A Pejota de Teve, de 16 pessoas incluindo uma funcionária de um ministério dos negócios tranjeios. Constituiu, no total, 26 arguidos nesta operação Canberria. As funcionárias ficam em liberdade, mas vão ter de responder a vários cremos corrupção passiva, a suceção de auxílio à emigração ilegal e falsidade informática.","5, 6",
9,351.0,360.0,05:51,06:00,9.0,0.15,10,330.0,360.0,05:30,06:00,30.0,9.0,1.0,0.3,Other/Unknown,,qui 20 20 03 | telejornal | carlos felgueiras è s | editor de ima | ana serapic | jornalis | carlos felgueiras e sousa | editor de imagem,Justiça/Segurança,"Saúde, Justiça/Segurança",,,"do SNS. Ataí legal já duraria há um animai. A Pejota de Teve, de 16 pessoas incluindo uma funcionária de um ministério dos negócios tranjeios. Constituiu, no total, 26 arguidos nesta operação Canberria. As funcionárias ficam em liberdade, mas vão ter de responder a vários cremos corrupção passiva, a suceção de auxílio à emigração ilegal e falsidade informática.","5, 6",
10,360.0,402.0,06:00,06:42,42.0,0.7,11,360.0,390.0,06:00,06:30,30.0,30.0,0.7142857142857143,1.0,Saúde,"Justiça/Segurança, Saúde",qui 20 20 03 | telejornal | unidade de combate à fraude n | unidade de combate à fraude no sns | 1 63 | compate | toloiornal | não está operacional medida aguarda tramitação,Saúde,Saúde,,,"Para a inscrição de medicamentos, pagamento de cirurgias ou a inscrição e de vida de imigrantes no SNS são muitas as irregularidades tetadas no Sector da Saúde, por",7,
10,360.0,402.0,06:00,06:42,42.0,0.7,12,390.0,420.0,06:30,07:00,30.0,12.0,0.2857142857142857,0.4,Saúde,"Justiça/Segurança, Saúde",qui 20 20 03 | telejornal | unidade de combate à fraude n | unidade de combate à fraude no sns | 1 63 | compate | toloiornal | não está operacional medida aguarda tramitação,Justiça/Segurança,"Saúde, Justiça/Segurança",,,"isso governar um mês criou uma unidade combatar fraude, coordenada pela Polícia Judiciária. Mas ainda não está o pressionale, porque guarda a publicação entriu da República, ou a ordem dos médicos, assume que é preciso mais transparência. obviamente que a fiscalização é muito importante e pense que aquilo que está a ser feito, neste caso em concreto, pela Polícia Judiciária, a IGA também está, digamos, a fazer o seu trabalho em vários hospitais e eu acho que é muito importante nós temos transparência em todos esses processos e","7, 8",
11,402.0,501.0,06:42,08:21,99.0,1.65,12,390.0,420.0,06:30,07:00,30.0,18.0,0.18181818181818182,0.6,Saúde,"Saúde, Justiça/Segurança, Educação",não está operacional medida aguarda tramitação | unidade de combate à fraude no sns | cias rtp d | qui 20 20 04 | telej orna l | iclas rtp pt | lelej ornal | icias rtp pt,Justiça/Segurança,"Saúde, Justiça/Segurança",,,"isso governar um mês criou uma unidade combatar fraude, coordenada pela Polícia Judiciária. Mas ainda não está o pressionale, porque guarda a publicação entriu da República, ou a ordem dos médicos, assume que é preciso mais transparência. obviamente que a fiscalização é muito importante e pense que aquilo que está a ser feito, neste caso em concreto, pela Polícia Judiciária, a IGA também está, digamos, a fazer o seu trabalho em vários hospitais e eu acho que é muito importante nós temos transparência em todos esses processos e","7, 8",
11,402.0,501.0,06:42,08:21,99.0,1.65,13,420.0,450.0,07:00,07:30,30.0,30.0,0.30303030303030304,1.0,Saúde,"Saúde, Justiça/Segurança, Educação",não está operacional medida aguarda tramitação | unidade de combate à fraude no sns | cias rtp d | qui 20 20 04 | telej orna l | iclas rtp pt | lelej ornal | icias rtp pt,Saúde,"Saúde, Justiça/Segurança",,,"eu ordem dos médicos, aqui estará para intervir nas situações em que a aja falta falha de ontelófio. O principal problema do S&S não será a fraude. Quando nós falamos em desperdício, e não exatamente em fraude, no sentido criminal, do termo, nós podemos ter muitas situações de desperdício de fazer,","8, 9",
11,402.0,501.0,06:42,08:21,99.0,1.65,14,450.0,480.0,07:30,08:00,30.0,30.0,0.30303030303030304,1.0,Saúde,"Saúde, Justiça/Segurança, Educação",não está operacional medida aguarda tramitação | unidade de combate à fraude no sns | cias rtp d | qui 20 20 04 | telej orna l | iclas rtp pt | lelej ornal | icias rtp pt,Saúde,Saúde,,,"por exemplo, atividades que têm pouco valor de interno de estudo-passo pessoas, mas que estão muito dinheiro, mas que há um por ser legal de poder fazê-las. Agora, 800 milhões de euros num ano, se conseguissemos reduzir, não resolverão todos os problemas do serviço nacional de saúde. Pedro Pita Barlos, a cardita que é preciso reforçar a mecanismos de prevenção, e também clarificar o papel de identidade dentro do S&S, principalmente da direção escutiva.",9,
13,504.0,783.0,08:24,13:03,279.0,4.65,16,510.0,540.0,08:30,09:00,30.0,30.0,0.10752688172043011,1.0,Ambiente/Meteorologia/Proteção Civil,"Economia/Proteção Social, Ambiente/Meteorologia/Proteção Civil, Justiça/Segurança",2 3 | qui 20 20 06 | telejornal | telejornal noticias rtp pt | editora de im | jornali | cos | editora de imagem,Ambiente/Meteorologia/Proteção Civil,"Internacional, Ambiente/Meteorologia/Proteção Civil",,,"O incêndio de flagrou o ojo durante a Simara do Clima, em Blaine do Pará, no Brasil, achamas destruíram um dos tenses, a entrada das instalações da Simara. Os principais foram assim superiêndidos, por",10,
13,504.0,783.0,08:24,13:03,279.0,4.65,17,540.0,570.0,09:00,09:30,30.0,30.0,0.10752688172043011,1.0,Ambiente/Meteorologia/Proteção Civil,"Economia/Proteção Social, Ambiente/Meteorologia/Proteção Civil, Justiça/Segurança",2 3 | qui 20 20 06 | telejornal | telejornal noticias rtp pt | editora de im | jornali | cos | editora de imagem,Justiça/Segurança,"Justiça/Segurança, Ambiente/Meteorologia/Proteção Civil",,,"esta chama, e retirados em poucos minutos, o fogo foi dominado, rapidamente, por segurança e bombas de local. As autoridades brasileiras dizem que o incêndio não causa o vítimas, apesar do caos que provocou entre milhares do participais.",10,
13,504.0,783.0,08:24,13:03,279.0,4.65,18,570.0,600.0,09:30,10:00,30.0,30.0,0.10752688172043011,1.0,Ambiente/Meteorologia/Proteção Civil,"Economia/Proteção Social, Ambiente/Meteorologia/Proteção Civil, Justiça/Segurança",2 3 | qui 20 20 06 | telejornal | telejornal noticias rtp pt | editora de im | jornali | cos | editora de imagem,Justiça/Segurança,"Abertura/Manchetes, Justiça/Segurança",,,"Boa noite a Polícia Federal está lá dentro e como podem ver, este é quase um cenário desulador, porque há três horas havia muita vida, milhaz de pessoas de cor, percorrer em estes corredores e neste momento, a imagem é esta. Já não são",11,
13,504.0,783.0,08:24,13:03,279.0,4.65,19,600.0,630.0,10:00,10:30,30.0,30.0,0.10752688172043011,1.0,Ambiente/Meteorologia/Proteção Civil,"Economia/Proteção Social, Ambiente/Meteorologia/Proteção Civil, Justiça/Segurança",2 3 | qui 20 20 06 | telejornal | telejornal noticias rtp pt | editora de im | jornali | cos | editora de imagem,Ambiente/Meteorologia/Proteção Civil,Ambiente/Meteorologia/Proteção Civil,,,"as Nações Unidas responsáveis por este espaço, este espaço está agora sobre a responsabilidade das autoridades brasileiras que estão a investigar e de acordo com todas as informações o que aconteceu foi um curto circuito. A quem diga que estava demasiado calor e, é verdade, tem estado muito, muito calor no interior desta zona, particularmente onde estava o pavillon, alguns despavilhões que ficaram destruídos, porque alguns contigo também sofreram denos e onde está, por",11,
13,504.0,783.0,08:24,13:03,279.0,4.65,20,630.0,660.0,10:30,11:00,30.0,30.0,0.10752688172043011,1.0,Ambiente/Meteorologia/Proteção Civil,"Economia/Proteção Social, Ambiente/Meteorologia/Proteção Civil, Justiça/Segurança",2 3 | qui 20 20 06 | telejornal | telejornal noticias rtp pt | editora de im | jornali | cos | editora de imagem,Ambiente/Meteorologia/Proteção Civil,Ambiente/Meteorologia/Proteção Civil,,,"exemplo, o pavillon de Portugal estava muito perto e o calor poderá ter aquecido de nasiado uma das instalações elétricas, há também quem fala de um telé móvel, tanto algo terá provocar um curto do circuito. Depois, as autoridades foram rápidas, mas gerou-se uma grande confusão. Era um milhaz de pessoas a correr, exatamente por este corredor que o Bruno de Jesus está a mostrar, e a saída da Simeira do Clima, de",11,
13,504.0,783.0,08:24,13:03,279.0,4.65,21,660.0,690.0,11:00,11:30,30.0,30.0,0.10752688172043011,1.0,Ambiente/Meteorologia/Proteção Civil,"Economia/Proteção Social, Ambiente/Meteorologia/Proteção Civil, Justiça/Segurança",2 3 | qui 20 20 06 | telejornal | telejornal noticias rtp pt | editora de im | jornali | cos | editora de imagem,Governo/Partidos,"Governo/Partidos, Ambiente/Meteorologia/Proteção Civil",,,"chamada de luzão na zona azul que pertence às nossas unidas e onde também decorrem as unigualciações. Estava a Khan Tony Guterres, ele tinha dado uma conferência de imprensa há pouco tempo e eram duas datar. Portanto, algumas pessoas estavam a almoçar e outros estavam a trabalhar em seções continuas, como tem acontecido. Todos foram levados para os hotéis, os vários ministros do ambiente, e aqui ficam agaralgos jornalistas, principalmente aqueles que têm coisas",11,
13,504.0,783.0,08:24,13:03,279.0,4.65,22,690.0,720.0,11:30,12:00,30.0,30.0,0.10752688172043011,1.0,Ambiente/Meteorologia/Proteção Civil,"Economia/Proteção Social, Ambiente/Meteorologia/Proteção Civil, Justiça/Segurança",2 3 | qui 20 20 06 | telejornal | telejornal noticias rtp pt | editora de im | jornali | cos | editora de imagem,Ambiente/Meteorologia/Proteção Civil,"Governo/Partidos, Internacional, Ambiente/Meteorologia/Proteção Civil",,,"lá dentro e que não podem ir buscar, por exemplo, como é o meu caso no casaco, outro material da RTP que está lá dentro, e nós não podemos entrar para ir buscar. Quanto há as negociações? Elas esterão agora a acontecer de uma forma virtual através das redes sociais, entre os ministros do ambiente, a União Europeia, as Nações Unidas, mas vamos ver de que forma este incidente, este incêndio, o que",11,
13,504.0,783.0,08:24,13:03,279.0,4.65,23,720.0,750.0,12:00,12:30,30.0,30.0,0.10752688172043011,1.0,Ambiente/Meteorologia/Proteção Civil,"Economia/Proteção Social, Ambiente/Meteorologia/Proteção Civil, Justiça/Segurança",2 3 | qui 20 20 06 | telejornal | telejornal noticias rtp pt | editora de im | jornali | cos | editora de imagem,Other/Unknown,,,,"acabou por ser pequeno, tendem conta que estamos dentro de uma tenda gigante, o material não será assim tão inflamável, porque poderia ter sido pior. Vamos ver então se esta copa amanhã vai reabrir se os trabalhos reabrem, ou como é que vai acontecer, além da não termina, ou ela iria terminar amanhã, poderá ver uma postura de escop, mas teremos de esperar para já a única indicação é que não se pode avançar.",11,
13,504.0,783.0,08:24,13:03,279.0,4.65,24,750.0,780.0,12:30,13:00,30.0,30.0,0.10752688172043011,1.0,Ambiente/Meteorologia/Proteção Civil,"Economia/Proteção Social, Ambiente/Meteorologia/Proteção Civil, Justiça/Segurança",2 3 | qui 20 20 06 | telejornal | telejornal noticias rtp pt | editora de im | jornali | cos | editora de imagem,Economia/Proteção Social,"Eleições/Campanha, Governo/Partidos, Economia/Proteção Social",,"CHEGA, PS","E as pensões mais baixas afinal dão vão ter o aumento extraordinário e permanente no próximo ano. A proposta do PS foi sumada com o voto contra do chega. Para os pensionistas a única proposta à provada foi mesmo a do Governo. No seja, os reformados vão receber um bom nos depós do verão. Isto se",12,
13,504.0,783.0,08:24,13:03,279.0,4.65,25,780.0,810.0,13:00,13:30,30.0,3.0,0.010752688172043012,0.1,Ambiente/Meteorologia/Proteção Civil,"Economia/Proteção Social, Ambiente/Meteorologia/Proteção Civil, Justiça/Segurança",2 3 | qui 20 20 06 | telejornal | telejornal noticias rtp pt | editora de im | jornali | cos | editora de imagem,Economia/Proteção Social,Economia/Proteção Social,,PS,"houver margem orçamental. O Partido Socialista queria que um aumento extraordinário das pensões passasse a contar para o cálculo futuro destas prestações sociais. Também às querdas pediam subir das permanentes para o próximo ano. Se houver almente que seja um aumento digno, previsível, um aumento das pensões sempre preservando a margem estrutural do sistema. E se precise for compensando com um ponto de tirado IRC e assim se verá nesta câmera quando é preciso escolher","12, 13",
14,783.0,936.0,13:03,15:36,153.0,2.55,25,780.0,810.0,13:00,13:30,30.0,27.0,0.17647058823529413,0.9,Economia/Proteção Social,"Economia/Proteção Social, Governo/Partidos, Saúde, Educação",qui 20 20 10 | telejornal | orçamento do estado 2026 | chumbado bónus permanente | chumbado bónus permanente das pensões | 20 10 | elejornal | official training,Economia/Proteção Social,Economia/Proteção Social,,PS,"houver margem orçamental. O Partido Socialista queria que um aumento extraordinário das pensões passasse a contar para o cálculo futuro destas prestações sociais. Também às querdas pediam subir das permanentes para o próximo ano. Se houver almente que seja um aumento digno, previsível, um aumento das pensões sempre preservando a margem estrutural do sistema. E se precise for compensando com um ponto de tirado IRC e assim se verá nesta câmera quando é preciso escolher","12, 13",
14,783.0,936.0,13:03,15:36,153.0,2.55,26,810.0,840.0,13:30,14:00,30.0,30.0,0.19607843137254902,1.0,Economia/Proteção Social,"Economia/Proteção Social, Governo/Partidos, Saúde, Educação",qui 20 20 10 | telejornal | orçamento do estado 2026 | chumbado bónus permanente | chumbado bónus permanente das pensões | 20 10 | elejornal | official training,Economia/Proteção Social,Economia/Proteção Social,,,"quem escolhe de ser mais importos para as grandes empresas, a aumentar os importos pensam nistas. Estou arçamento.",13,
18,1068.0,1143.0,17:48,19:03,75.0,1.25,35,1080.0,1110.0,18:00,18:30,30.0,30.0,0.4,1.0,Other/Unknown,"Greves/Trabalho, Governo/Partidos",rodrigo lobo tiago m p costa carlos felgueiras e sousa repórteres de imagem edito | joão santos costa joão ricardo jornalistas | vão santos c segundos c segundos c segundos c segundos c segundos c segundos c segundos c segundos c segundos c segundos c segundos c segundos c segundos c segundos c segundos c segundos c segundos c segundos c segundos c | greve geral de todos os trabalhadores no dia a greve geral de todos os trabalhadores no dia a greve geral de todos os trabalhadores no dia a greve ,Other/Unknown,,,,"Se juntar-se a misto do trabalho e também fazer a parte da expressão, a",14,
18,1068.0,1143.0,17:48,19:03,75.0,1.25,36,1110.0,1140.0,18:30,19:00,30.0,30.0,0.4,1.0,Other/Unknown,"Greves/Trabalho, Governo/Partidos",rodrigo lobo tiago m p costa carlos felgueiras e sousa repórteres de imagem edito | joão santos costa joão ricardo jornalistas | vão santos c segundos c segundos c segundos c segundos c segundos c segundos c segundos c segundos c segundos c segundos c segundos c segundos c segundos c segundos c segundos c segundos c segundos c segundos c segundos c | greve geral de todos os trabalhadores no dia a greve geral de todos os trabalhadores no dia a greve geral de todos os trabalhadores no dia a greve ,Other/Unknown,,,,"limite que isso é possível. Com certeza é impossível que todos estejam da cor do sobretudo e sem possível nós sabemos disso. A base do acordo significará sempre uma silência de cada um. Aquilo que nós precisamos neste momento é de nos sentarmos a mesa, aquilo que estamos a fazer.",14,
22,1305.0,1323.0,21:45,22:03,18.0,0.3,43,1320.0,1350.0,22:00,22:30,30.0,3.0,0.16666666666666666,0.1,Other/Unknown,,qui 20 20 19 | telejornal | perprofes | mal | rtp pt,Abertura/Manchetes,Abertura/Manchetes,,,"Foi o João que trinta-fegredo. O primeiro é chegar a estar mesmo neste momento a chegar aqui ao estudo de JdRTP. Vejo acompanhado por a direita da informação da RTP. O João que trinta-fegredo boa noite. Pergunto-lhe-se esse ser um debate para perceber quem é o mais independente tem disputado esse lugar com o Amirante Gouveimelo? Não, não desfuto, não desfuto. Acho que a independência fala a persina. Não deve ser proclamado.",15,
23,1323.0,1533.0,22:03,25:33,210.0,3.5,43,1320.0,1350.0,22:00,22:30,30.0,27.0,0.12857142857142856,0.9,Eleições/Campanha,"Eleições/Campanha, Greves/Trabalho",debates presidenciais | qui 20 20 19 | rtp pt | telejornal | gouveia e melo e cotrim figueiredo às 21h na rtp | oticias rtp pt | tele jornal | ticias rtp p,Abertura/Manchetes,Abertura/Manchetes,,,"Foi o João que trinta-fegredo. O primeiro é chegar a estar mesmo neste momento a chegar aqui ao estudo de JdRTP. Vejo acompanhado por a direita da informação da RTP. O João que trinta-fegredo boa noite. Pergunto-lhe-se esse ser um debate para perceber quem é o mais independente tem disputado esse lugar com o Amirante Gouveimelo? Não, não desfuto, não desfuto. Acho que a independência fala a persina. Não deve ser proclamado.",15,
23,1323.0,1533.0,22:03,25:33,210.0,3.5,44,1350.0,1380.0,22:30,23:00,30.0,30.0,0.14285714285714285,1.0,Eleições/Campanha,"Eleições/Campanha, Greves/Trabalho",debates presidenciais | qui 20 20 19 | rtp pt | telejornal | gouveia e melo e cotrim figueiredo às 21h na rtp | oticias rtp pt | tele jornal | ticias rtp p,Other/Unknown,,,,"Não, exatamente, por conta do ponto de os cadados que se acham que são dependentes só para não ter nem partidos, acho que não tem a possão nada a ver, nem de penecia e práticas e a minha vida prova que eu sou completamente imuno em ter esses termos, aquilo que são os objetivos de cada fase de minha vida, neste momento uma objetiva ser presa da República. Portanto, eu sou serena em confiante a razões de debates, espero que serão de debate civilizado, espero que se possa falar de futuro, que não tenha acontecido nos debates interior, espero que ser a esclaro de sudor, para que eu e os portugueses novos portugueses percebam o que",16,
23,1323.0,1533.0,22:03,25:33,210.0,3.5,45,1380.0,1410.0,23:00,23:30,30.0,30.0,0.14285714285714285,1.0,Eleições/Campanha,"Eleições/Campanha, Greves/Trabalho",debates presidenciais | qui 20 20 19 | rtp pt | telejornal | gouveia e melo e cotrim figueiredo às 21h na rtp | oticias rtp pt | tele jornal | ticias rtp p,Other/Unknown,,,,"é que eu vou ver em melquerica, que eu vou em mel pensa. E no final gostaria que os postevessem noção de que há um cadeitato que é de facto mais optimista com os outros, tem mais confiança nos portugueses que os outros estão mais preparados para discutir o futuro de que os outros. O ecolgmico é um cognita sobre como será o amirante num debate? De bem, eu venho toda a gente, penso que até o próprio Victor Gonçalpe vai estar a fazer a entrevista, não sabe muito bem que respostas a recebê-lo do Govaimão, porque elas têm sido muito erratim.","16, 17",
23,1323.0,1533.0,22:03,25:33,210.0,3.5,48,1470.0,1500.0,24:30,25:00,30.0,30.0,0.14285714285714285,1.0,Eleições/Campanha,"Eleições/Campanha, Greves/Trabalho",debates presidenciais | qui 20 20 19 | rtp pt | telejornal | gouveia e melo e cotrim figueiredo às 21h na rtp | oticias rtp pt | tele jornal | ticias rtp p,Greves/Trabalho,Greves/Trabalho,,,"No dia a em que o JT entregou o pré-viso de greve, Marcos Mendes continua a dizer que este processo não vai acabar em rotura, mas sim em acordo. Este futuro, às vezes, está mais perto que mais que antes. Com os olhos postos no futuro, mas atento ao momento presente, então nos desce seguro que exaixar mais uma derta há algum vernos sobre a",18,
23,1323.0,1533.0,22:03,25:33,210.0,3.5,49,1500.0,1530.0,25:00,25:30,30.0,30.0,0.14285714285714285,1.0,Eleições/Campanha,"Eleições/Campanha, Greves/Trabalho",debates presidenciais | qui 20 20 19 | rtp pt | telejornal | gouveia e melo e cotrim figueiredo às 21h na rtp | oticias rtp pt | tele jornal | ticias rtp p,Eleições/Campanha,Eleições/Campanha,,,led a borar. O assunto foi comentado ao longo do dia pelos candidatos. A pré-campanha já uslêva pelo país inteiro e há alguns até mais longe. Catarin Martíns,"18, 19",
23,1323.0,1533.0,22:03,25:33,210.0,3.5,50,1530.0,1560.0,25:30,26:00,30.0,3.0,0.014285714285714285,0.1,Eleições/Campanha,"Eleições/Campanha, Greves/Trabalho",debates presidenciais | qui 20 20 19 | rtp pt | telejornal | gouveia e melo e cotrim figueiredo às 21h na rtp | oticias rtp pt | tele jornal | ticias rtp p,Educação,"Eleições/Campanha, Governo/Partidos, Educação, Internacional",Jorge Pinto,,"continua no Brasil a participar na Cope 30. Jorge Pinto participou no debate sob o arsamento do Estado com estudantes da Universidade do Porto. António Flippes teve no encontro com os presidentes das Fedorações Deportivas. O governo retire o que a Sembeder é pro Cervejête, antes das leções presidenciais. Aquilo que aconteceu e aquilo que levou é esta convocatória de greva geral, foi precisamente a falta de diálogo. Foi precisamente a falta de","19, 20",
24,1533.0,1602.0,25:33,26:42,69.0,1.15,50,1530.0,1560.0,25:30,26:00,30.0,27.0,0.391304347826087,0.9,Eleições/Campanha,"Governo/Partidos, Greves/Trabalho, Eleições/Campanha",governo está a fazer proposta inace | qui 20 20 23 | telejornal | governo está a fazer proposta inaceitável | catarina martins | dictos tp bt | icles rep pt | o que levou à greve foi a falta de diálogo,Educação,"Eleições/Campanha, Governo/Partidos, Educação, Internacional",Jorge Pinto,,"continua no Brasil a participar na Cope 30. Jorge Pinto participou no debate sob o arsamento do Estado com estudantes da Universidade do Porto. António Flippes teve no encontro com os presidentes das Fedorações Deportivas. O governo retire o que a Sembeder é pro Cervejête, antes das leções presidenciais. Aquilo que aconteceu e aquilo que levou é esta convocatória de greva geral, foi precisamente a falta de diálogo. Foi precisamente a falta de","19, 20",
24,1533.0,1602.0,25:33,26:42,69.0,1.15,51,1560.0,1590.0,26:00,26:30,30.0,30.0,0.43478260869565216,1.0,Eleições/Campanha,"Governo/Partidos, Greves/Trabalho, Eleições/Campanha",governo está a fazer proposta inace | qui 20 20 23 | telejornal | governo está a fazer proposta inaceitável | catarina martins | dictos tp bt | icles rep pt | o que levou à greve foi a falta de diálogo,Economia/Proteção Social,"Abertura/Manchetes, Eleições/Campanha, Governo/Partidos, Economia/Proteção Social, Greves/Trabalho",,CHEGA,"qualquer tipo de abertura para o parte do governo. O governo do Pteguê está a fazer uma proposta e naceita a gastar a trabalhadores portugueses, que é venho negociar como é que podem ficar com menos salário e com contrato ainda mais percais. Nosso é em especial. Em vizêl, a enraventura de vídeo centro o presidente do chega, que comentou as altrações ao orçamento do Estado, e o candidato ablém que quis falar da importância do 25 de novembro.",20,
28,1614.0,1728.0,26:54,28:48,114.0,1.9,55,1680.0,1710.0,28:00,28:30,30.0,30.0,0.2631578947368421,1.0,Eleições/Campanha,Eleições/Campanha,debates presidenciais | qui 20 20 24 | rtp pt | telejornal | gouveia e melo e cotrim figueiredo às | dedates desidenciais | gouveia e melo e cotrim figueiredo às 21h na rtp | oticias rtp pt,Other/Unknown,,,,"Muito obrigada, esterão acompanharem também certamente este primeiro debate de NERTP. O VML que traa a primeira pergunta, neste debate, perdão, é o som que",21,
28,1614.0,1728.0,26:54,28:48,114.0,1.9,56,1710.0,1740.0,28:30,29:00,30.0,18.0,0.15789473684210525,0.6,Eleições/Campanha,Eleições/Campanha,debates presidenciais | qui 20 20 24 | rtp pt | telejornal | gouveia e melo e cotrim figueiredo às | dedates desidenciais | gouveia e melo e cotrim figueiredo às 21h na rtp | oticias rtp pt,Other/Unknown,,,,"tem de ver de ter a primeira pergunta, portanto, o VML será o último a falar neste frente-o primeiro aqui NERTP. O primeiro também de OVML estarão os dois em confronto de que a pouco NERTP. A ordem dos advogados, o Arquivoou, o Inquieta, a Spenu Viva, por suspeitas de Procuradoria e Lícita, o bastonário diz que não se verificaram indícios e o suficiente da prática","21, 22",
29,1728.0,1731.0,28:48,28:51,3.0,0.05,56,1710.0,1740.0,28:30,29:00,30.0,3.0,1.0,0.1,Other/Unknown,,qui 20 20 26 | telejornal,Other/Unknown,,,,"tem de ver de ter a primeira pergunta, portanto, o VML será o último a falar neste frente-o primeiro aqui NERTP. O primeiro também de OVML estarão os dois em confronto de que a pouco NERTP. A ordem dos advogados, o Arquivoou, o Inquieta, a Spenu Viva, por suspeitas de Procuradoria e Lícita, o bastonário diz que não se verificaram indícios e o suficiente da prática","21, 22",
30,1731.0,1773.0,28:51,29:33,42.0,0.7,56,1710.0,1740.0,28:30,29:00,30.0,9.0,0.21428571428571427,0.3,Justiça/Segurança,Justiça/Segurança,procuradoria ilícita | qui 20 20 26 | telejornal | ordem advogados arquiva inquérito à spinumviva | oticias rtp pt | tele jornal | seras h d m | rtug,Other/Unknown,,,,"tem de ver de ter a primeira pergunta, portanto, o VML será o último a falar neste frente-o primeiro aqui NERTP. O primeiro também de OVML estarão os dois em confronto de que a pouco NERTP. A ordem dos advogados, o Arquivoou, o Inquieta, a Spenu Viva, por suspeitas de Procuradoria e Lícita, o bastonário diz que não se verificaram indícios e o suficiente da prática","21, 22",
30,1731.0,1773.0,28:51,29:33,42.0,0.7,57,1740.0,1770.0,29:00,29:30,30.0,30.0,0.7142857142857143,1.0,Justiça/Segurança,Justiça/Segurança,procuradoria ilícita | qui 20 20 26 | telejornal | ordem advogados arquiva inquérito à spinumviva | oticias rtp pt | tele jornal | seras h d m | rtug,Economia/Proteção Social,"Economia/Proteção Social, Justiça/Segurança",,,"deste crime, por parte da empresa da família do Promo Ar群istro. A suspeitas surgiram na última crise política, quando foram conhecidos, clientes e serviços custados pela Spenu Viva. Numa arte, o conselho do regional, do Porto da ordem dos advogados, diz que foi analisada toda a prova de comentál, e o esclarecimento da própria empresa, o documento aqui os preços de evacéssio, diz também que a ordem não tem meios e poderes para ir mais longe no Inquieto, já a averiguação",22,
30,1731.0,1773.0,28:51,29:33,42.0,0.7,58,1770.0,1800.0,29:30,30:00,30.0,3.0,0.07142857142857142,0.1,Justiça/Segurança,Justiça/Segurança,procuradoria ilícita | qui 20 20 26 | telejornal | ordem advogados arquiva inquérito à spinumviva | oticias rtp pt | tele jornal | seras h d m | rtug,Other/Unknown,,,,preventiva ao Promo Ar群istro ainda se vai manter.,22,
31,1773.0,1812.0,29:33,30:12,39.0,0.65,58,1770.0,1800.0,29:30,30:00,30.0,27.0,0.6923076923076923,0.9,Greves/Trabalho,"Transportes/Mobilidade, Greves/Trabalho",qui 20 20 27 | telejornal | privatização da tap | lufthansa entregou mani | lufthansa entregou manifestação de interesse | tele jornal | ticias rtp pt | oticias rtp pt,Other/Unknown,,,,preventiva ao Promo Ar群istro ainda se vai manter.,22,
36,1914.0,1965.0,31:54,32:45,51.0,0.85,63,1920.0,1950.0,32:00,32:30,30.0,30.0,0.5882352941176471,1.0,Governo/Partidos,Governo/Partidos,é surpreendente o comunicado mas reincidente | governo regional dos açores | 20 29 | clas tr | elejornal | qui 20 | ielejornal | cias rip bi,Governo/Partidos,Governo/Partidos,,,"é surpreendente o comunicado, mas é reincidente. Quanto tentativa de passar responsabilidades, é preciso dizer que pela parte do governo dos assursos, nós temos a máxima tranquilidade. Espero que tudo acabe em bem e que as deligências que no passado foram feitas, se mantêm, que há, obviamente, a malmati-tude, a provaativa e colobrante, por parte da própria reenhanar.",23,
39,1980.0,2046.0,33:00,34:06,66.0,1.1,65,1980.0,2010.0,33:00,33:30,30.0,30.0,0.45454545454545453,1.0,Internacional,Internacional,qui 20 20 30 | telejornal | frança em alerta | don | nog | tele jornal | canada and description of the person of the person of the person of the person of the person of the person of the person of the person of the person of the person of the person of the person of the person of the person of | state of the person named in,Internacional,Internacional,,,"Volou de mirroze, elenço que já recebeu um plano de paz para a Ucrania, enviado pela administração norte-americana, diz agora que o irá discutir nos próximos dias",24,
39,1980.0,2046.0,33:00,34:06,66.0,1.1,66,2010.0,2040.0,33:30,34:00,30.0,30.0,0.45454545454545453,1.0,Internacional,Internacional,qui 20 20 30 | telejornal | frança em alerta | don | nog | tele jornal | canada and description of the person of the person of the person of the person of the person of the person of the person of the person of the person of the person of the person of the person of the person of the person of | state of the person named in,Internacional,Internacional,,,"com Donald Trump. Esta proposta inclui pontos até agora considerados inaceitáveis, porque, por exemplo, a cedência de território, validação das jonas ocupadas pelos russos e restrições de militar e armamento.",24,
48,2244.0,2256.0,37:24,37:36,12.0,0.2,74,2250.0,2280.0,37:30,38:00,30.0,6.0,0.5,0.2,Other/Unknown,,qui 20 20 35 | telejornal | 15 3 0,Internacional,Internacional,,,"O chefe de Estado maior das forças armadas de França disse que os franceses se se devem preparar para perderem filhos na guerra. A mais alta patente militar francesa afirmenta, é um que tem informações de que os russos se superparam para atacar um país de danato até 2030. São declarações feitas",25,
49,2256.0,2262.0,37:36,37:42,6.0,0.1,74,2250.0,2280.0,37:30,38:00,30.0,6.0,1.0,0.2,Other/Unknown,,jona | qui 20 20 35 | telejornal | jornalista | joão botas | telejornal photicias rup pt qui 20 20 35 | a a | telejornal indiciosity pt qui 20 20 35,Internacional,Internacional,,,"O chefe de Estado maior das forças armadas de França disse que os franceses se se devem preparar para perderem filhos na guerra. A mais alta patente militar francesa afirmenta, é um que tem informações de que os russos se superparam para atacar um país de danato até 2030. São declarações feitas",25,
50,2262.0,2349.0,37:42,39:09,87.0,1.45,74,2250.0,2280.0,37:30,38:00,30.0,18.0,0.20689655172413793,0.6,Internacional,Internacional,qui 20 20 35 | telejornal | alerta do líder militar de frança | 20 35 | qui 20 | franceses podem vir a perder filhos na guerra | oticias rtp pt | tele jornal,Internacional,Internacional,,,"O chefe de Estado maior das forças armadas de França disse que os franceses se se devem preparar para perderem filhos na guerra. A mais alta patente militar francesa afirmenta, é um que tem informações de que os russos se superparam para atacar um país de danato até 2030. São declarações feitas",25,
50,2262.0,2349.0,37:42,39:09,87.0,1.45,75,2280.0,2310.0,38:00,38:30,30.0,30.0,0.3448275862068966,1.0,Internacional,Internacional,qui 20 20 35 | telejornal | alerta do líder militar de frança | 20 35 | qui 20 | franceses podem vir a perder filhos na guerra | oticias rtp pt | tele jornal,Governo/Partidos,Governo/Partidos,,,"numa altura em que o governo frances tinha anunciado a necessidade de um quite de emergência. de cortes, de morados, de elépto cidade, de gas e água. Os","25, 26",
50,2262.0,2349.0,37:42,39:09,87.0,1.45,76,2310.0,2340.0,38:30,39:00,30.0,30.0,0.3448275862068966,1.0,Internacional,Internacional,qui 20 20 35 | telejornal | alerta do líder militar de frança | 20 35 | qui 20 | franceses podem vir a perder filhos na guerra | oticias rtp pt | tele jornal,Internacional,Internacional,,,"residentes em França devem passar a ter um quita de emergência. Nesse quita de emergência pronto, na dispensa da casa de cada um e, para o mínimo de 70 e 2 horas de abastimento, deve haver desde logo água e seis garrafas de água para cada pessoa em cada casa deve haver alimentos enlatados e não percebidas com bolachas ou batatas. E deve haver primeiros sucorros. Penso, os gases,",26,
50,2262.0,2349.0,37:42,39:09,87.0,1.45,77,2340.0,2370.0,39:00,39:30,30.0,9.0,0.10344827586206896,0.3,Internacional,Internacional,qui 20 20 35 | telejornal | alerta do líder militar de frança | 20 35 | qui 20 | franceses podem vir a perder filhos na guerra | oticias rtp pt | tele jornal,Ambiente/Meteorologia/Proteção Civil,"Governo/Partidos, Ambiente/Meteorologia/Proteção Civil",,,"pomadas, deve haver também os medicamentos necessários para cada pessoa da residencia. Rupas quentes, uma lanterna, um esquerdo velas e um rádio abilhas para descutar em as indicações da proteção civil, são igualmente fundamentais neste pleno de prevenção. Os franceses vão tomar do nota desde que temos regencia publicado agora nas plataformas digitais do Governo Francesco.",26,
51,2349.0,2361.0,39:09,39:21,12.0,0.2,77,2340.0,2370.0,39:00,39:30,30.0,12.0,1.0,0.4,Other/Unknown,,qui 20 20 36 | telejornal,Ambiente/Meteorologia/Proteção Civil,"Governo/Partidos, Ambiente/Meteorologia/Proteção Civil",,,"pomadas, deve haver também os medicamentos necessários para cada pessoa da residencia. Rupas quentes, uma lanterna, um esquerdo velas e um rádio abilhas para descutar em as indicações da proteção civil, são igualmente fundamentais neste pleno de prevenção. Os franceses vão tomar do nota desde que temos regencia publicado agora nas plataformas digitais do Governo Francesco.",26,
52,2361.0,2379.0,39:21,39:39,18.0,0.3,77,2340.0,2370.0,39:00,39:30,30.0,9.0,0.5,0.3,Other/Unknown,,en situation de crise les autorités peuvent ordonner une évacuation immédiate ou recommand | noticias rtp pt | qui 20 20 36 | tele jornal | 72h | régulièrement | kit d urgence | le plan individuel de mise en s reté,Ambiente/Meteorologia/Proteção Civil,"Governo/Partidos, Ambiente/Meteorologia/Proteção Civil",,,"pomadas, deve haver também os medicamentos necessários para cada pessoa da residencia. Rupas quentes, uma lanterna, um esquerdo velas e um rádio abilhas para descutar em as indicações da proteção civil, são igualmente fundamentais neste pleno de prevenção. Os franceses vão tomar do nota desde que temos regencia publicado agora nas plataformas digitais do Governo Francesco.",26,
